#Version=1.29F
#Keyword(CFG),Space removal Flag
#Keyword(CMD),Stream,Function,Transaction,Key Item,Item Path,Cache Use,Secondary Use,Select Key Item Use
#Keyword(PRM),Parameter,Offset,Primary Receive Trigger Relay Number,Secondary Send Trigger Relay Number,Primary Send Trigger Relay Number,Secondary Receive Trigger Relay Number,Comments
CFG,1
CMD,2,41,START,START,SC/TR[0]/PM/L/I,1,0,1,0
CMD,2,41,STOP,STOP,SC/TR[1]/PM/L/I,1,0,1,0
CMD,2,41,PP_SELECT,PP_SELECT,SC/TR[2]/PM/L/I,1,0,1,0
CMD,2,41,LOCAL,LOCAL,SC/TR[4]/PM/L/I,1,0,1,0
CMD,2,41,REMOTE,REMOTE,SC/TR[5]/PM/L/I,1,0,1,0
