#Version=1.29F
#Management No,Class,Variable ID,Variable Name,Unit,Upper And Lower Limit Type (0: No/1 : Yes),Lower Limit Value,Upper Limit Value,Data Type,Data Count,Variable Length (0: Fixed / 1: Variable),SECS Data Type,Conversion Option,Value Type (0: Fixed / 1: Setup / 2: Default),Value,CPU Number,Device Type,Device No,Cache No,Comment
1,ECV,1,MDLN,,0,,,ASCII,20,1,ASCII,0,0,GBOV-79,1,D,0,0
2,ECV,2,SOFTREV,,0,,,ASCII,10,1,ASCII,0,0,1.29F,1,D,100,0
3,ECV,3,EstablishCommunicationsTimeout,s,1,1,240,U2,1,0,U2,0,2,10,1,R,5008,0,Sec
4,ECV,4,DefaultCommunicationsState,,1,0,1,BOOL,1,0,U1,0,2,1,1,R,5009,0,1:ENABLED/0:DISABLED
5,SV,5,CommunicationsState,,1,1,4,U1,1,0,U1,0,2,1,1,D,9102,0,1:DISABLED/2:WAIT CRA/3:WAIT DELAY/4:COMMUNICATING
6,ECV,6,DefaultControlState,,1,1,4,U1,1,0,U1,0,2,3,1,R,5010,0,1:EquipmentOFF-LINE/2:AttemptON-LINE/3:HostOFF-LINE/4:ON-LINE
7,ECV,7,DefaultOfflineState,,1,1,3,U1,1,0,U1,0,2,3,1,R,5011,0,1:EquipmentOFF-LINE or 3:HostOFF-LINE
8,SV,8,SecsControlState,,1,1,5,U1,1,0,U1,0,2,1,1,D,9105,0,1:EquipmentOFF-LINE/2:AttemptON-LINE/3:HostOFF-LINE/4:LOCAL/5:REMOTE
9,ECV,9,ProcessPartsCount,,1,0,99,U1,1,0,U1,0,0,2,1,D,0,0
10,DVVAL,10,ProcessChangePart,,1,1,99,U1,1,0,U1,0,2,1,1,D,9106,0
11,DVVAL,,ProcessChangeStatus,,1,0,39,U1,1,0,U1,0,2,0,1,D,9107,0,for internal
13,SV,17,AlarmsEnabled,,1,0,1,BOOL,1,0,LIST,0,0,0,1,D,0,0
14,SV,18,AlarmsSet,,0,1,256,U2,256,0,LIST,0,1,0,1,D,9450,0
15,DVVAL,19,AlarmID,,0,,,(=ALID),1,0,(=ALID),0,0,0,1,D,0,0
16,ECV,20,MaxSpoolTransmit,,1,0,4294967295,U4,1,0,U4,0,2,1024,1,R,5013,0
17,ECV,21,OverWriteSpool,,1,0,1,BOOL,1,0,BOOL,0,2,0,1,R,5015,0
18,ECV,22,MaxSpoolCount,,1,1,4294967295,U4,1,0,U4,0,2,32767,1,R,5016,0
19,ECV,23,EnableSpooling,,1,0,1,BOOL,1,0,BOOL,0,2,0,1,R,5018,0,1:ENABLED/0:DISABLED
20,SV,24,SpoolingState,,1,0,131,BIN,1,0,BIN,0,2,0,1,D,9114,0,0:INACTIVE/1:NO OUTPUT/2:TRANSMIT/3:PURGE/Bit8=SpoolFull
21,SV,25,SpoolCountActual,,1,0,4294967295,U4,1,0,U4,0,1,0,1,D,9115,0
22,SV,26,SpoolCountTotal,,1,0,4294967295,U4,1,0,U4,0,1,0,1,D,9116,0
23,SV,27,SpoolFullTime,,0,,,(=Clock),16,0,ASCII,0,1,0,1,D,9117,0
24,SV,28,SpoolStartTime,,0,,,(=Clock),16,0,ASCII,0,1,0,1,D,9125,0
25,SV,60001,Clock,,0,,,DATE-Q,12,0,ASCII,0,2,0,1,D,9133,0
26,ECV,30,TimeFormat,,1,0,1,U1,1,0,U1,0,2,0,1,D,9141,0
27,DVVAL,31,ChangeECID,,0,,,(=ECID),1,0,(=ECID),0,2,0,1,D,9145,0
28,DVVAL,,HostChangeECID,,0,1,32,(=ECID),1,0,(=ECID),0,2,0,1,D,9146,0
29,ECV,33,LimitsSamplingInterval,,1,1000,4294967295,U4,1,0,U4,0,0,5000,1,D,0,0
30,DVVAL,34,EventLimit,,0,,,(=LIMITID),1,0,(=LIMITID),0,0,0,1,D,0,0
31,DVVAL,35,LimitVariable,,0,,,(=VID),1,0,(=VID),0,0,0,1,D,0,0
32,DVVAL,36,TransitionType,,0,,,BIN,1,0,BIN,0,0,0,1,D,0,0,0:to Above 1:to Below
33,SV,37,EventsEnabled,,0,,,(=CEID),1,0,LIST,0,0,0,1,D,0,0
34,DVVAL,38,PPChangeName,,0,,,ASCII,80,0,(=PPID),0,0,PPID,1,D,0,0
35,DVVAL,39,PPChangeStatus,,1,1,3,U1,1,0,U1,0,0,0,1,D,0,0
36,SV,40,PPExecName,,0,,,(=PPID),0,0,LIST,0,0,-,1,D,0,0
37,DVVAL,,PPDeleteResult,,0,,,BIN,1,0,BIN,0,2,0,1,D,9061,0
38,ECV,,PPEnabled,,0,1,1024,(TABLE),20,0,(TABLE),0,1,0,1,R,5200,0,for internal
39,ECV,,EPPD,,0,1,1024,(TABLE),20,0,(TABLE),0,1,0,1,R,5300,0,for internal
257,SV,44,ProcessState,,1,0,32,U1,1,0,U2,0,2,0,1,D,9099,0,1:IDLE/2:SETUP/3:READY/4:EXECUTING/5:PAUSE
258,SV,,PreviousProcessState_part01,,1,0,32,U1,1,0,U4,0,0,0,1,D,2109,0
513,SV,,ProcessState_part02,,1,0,32,U1,1,0,U4,0,0,0,1,D,0,0,1:IDLE/2:SETUP/3:READY/4:EXECUTING/5:PAUSE02
514,SV,,PreviousProcessState_part02,,1,0,32,U1,1,0,U4,0,0,0,1,D,0,0,02
0,SV,10001,PPNumber,,0,0,0,ASCII,2,1,ASCII,0,1,0,1,D,9380,0,PPNumber
0,SV,10002,PPID,,0,0,0,ASCII,20,1,ASCII,0,1,0,1,D,9400,0,PPID
0,SV,10003,TC01_PV,,0,0,0,F4,1,0,F4,0,1,0,1,D,10020,0,TC01_PV
0,SV,10004,TC02_PV,,0,0,0,F4,1,0,F4,0,1,0,1,D,10022,0,TC02_Pv
0,SV,10005,TC03_PV,,0,0,0,F4,1,0,F4,0,1,0,1,D,10024,0,TC03_PV
0,SV,10006,TC04_PV,,0,0,0,F4,1,0,F4,0,1,0,1,D,10026,0,TC04_PV
0,SV,10007,TC05_PV,,0,0,0,F4,1,0,F4,0,1,0,1,D,10028,0,TC05_PV
0,SV,10008,TC06_PV,,0,0,0,F4,1,0,F4,0,1,0,1,D,10030,0,TC06_PV
0,SV,10009,TC07_PV,,0,0,0,F4,1,0,F4,0,1,0,1,D,10032,0,TC07_PV
0,SV,10010,TC08_PV,,0,0,0,F4,1,0,F4,0,1,0,1,D,10034,0,TC08_PV
0,SV,10011,TC09_PV,,0,0,0,F4,1,0,F4,0,1,0,1,D,10036,0,TC09_PV
0,SV,10012,TC10_PV,,0,0,0,F4,1,0,F4,0,1,0,1,D,10038,0,TC10_PV
0,SV,10013,TC11_PV,,0,0,0,F4,1,0,F4,0,1,0,1,D,10040,0,TC11_PV
0,SV,10014,TC12_PV,,0,0,0,F4,1,0,F4,0,1,0,1,D,10042,0,TC12_PV
0,SV,10015,IRA01_PV,,0,0,0,F4,1,0,F4,0,1,0,1,D,10080,0,IRA01_PV
0,SV,10016,IRA02_PV,,0,0,0,F4,1,0,F4,0,1,0,1,D,10082,0,IRA02_PV
0,SV,10017,IRA03_PV,,0,0,0,F4,1,0,F4,0,1,0,1,D,10084,0,IRA03_PV
0,SV,10018,IRA04_PV,,0,0,0,F4,1,0,F4,0,1,0,1,D,10086,0,IRA04_PV
0,SV,10019,IRA05_PV,,0,0,0,F4,1,0,F4,0,1,0,1,D,10088,0,IRA05_PV
0,SV,10020,IRA06_PV,,0,0,0,F4,1,0,F4,0,1,0,1,D,10090,0,IRA06_PV
0,SV,10021,IRA07_PV,,0,0,0,F4,1,0,F4,0,1,0,1,D,10092,0,IRA07_PV
0,SV,10022,IRA08_PV,,0,0,0,F4,1,0,F4,0,1,0,1,D,10094,0,IRA08_PV
0,SV,10023,IRA09_PV,,0,0,0,F4,1,0,F4,0,1,0,1,D,10096,0,IRA09_PV
0,SV,10024,IRA10_PV,,0,0,0,F4,1,0,F4,0,1,0,1,D,10098,0,IRA10_PV
0,SV,10025,IRA11_PV,,0,0,0,F4,1,0,F4,0,1,0,1,D,10100,0,IRA11_PV
0,SV,10026,IRA12_PV,,0,0,0,F4,1,0,F4,0,1,0,1,D,10102,0,IRA12_PV
0,SV,10027,IRB01_PV,,0,0,0,F4,1,0,F4,0,1,0,1,D,10140,0,IRB01_PV
0,SV,10028,IRB02_PV,,0,0,0,F4,1,0,F4,0,1,0,1,D,10142,0,IRB02_PV
0,SV,10029,IRB03_PV,,0,0,0,F4,1,0,F4,0,1,0,1,D,10144,0,IRB03_PV
0,SV,10030,IRB04_PV,,0,0,0,F4,1,0,F4,0,1,0,1,D,10146,0,IRB04_PV
0,SV,10031,IRB05_PV,,0,0,0,F4,1,0,F4,0,1,0,1,D,10148,0,IRB05_PV
0,SV,10032,IRB06_PV,,0,0,0,F4,1,0,F4,0,1,0,1,D,10150,0,IRB06_PV
0,SV,10033,IRB07_PV,,0,0,0,F4,1,0,F4,0,1,0,1,D,10152,0,IRB07_PV
0,SV,10034,IRB08_PV,,0,0,0,F4,1,0,F4,0,1,0,1,D,10154,0,IRB08_PV
0,SV,10035,IRB09_PV,,0,0,0,F4,1,0,F4,0,1,0,1,D,10156,0,IRB09_PV
0,SV,10036,IRB10_PV,,0,0,0,F4,1,0,F4,0,1,0,1,D,10158,0,IRB10_PV
0,SV,10037,IRB11_PV,,0,0,0,F4,1,0,F4,0,1,0,1,D,10160,0,IRB11_PV
0,SV,10038,IRB12_PV,,0,0,0,F4,1,0,F4,0,1,0,1,D,10162,0,IRB12_PV
0,SV,10039,TC01_SV,,0,0,0,F4,1,0,F4,0,1,0,1,D,10200,0,TC01_SV
0,SV,10040,TC02_SV,,0,0,0,F4,1,0,F4,0,1,0,1,D,10202,0,TC02_SV
0,SV,10041,TC03_SV,,0,0,0,F4,1,0,F4,0,1,0,1,D,10204,0,TC03_SV
0,SV,10042,TC04_SV,,0,0,0,F4,1,0,F4,0,1,0,1,D,10206,0,TC04_SV
0,SV,10043,TC05_SV,,0,0,0,F4,1,0,F4,0,1,0,1,D,10208,0,TC05_SV
0,SV,10044,TC06_SV,,0,0,0,F4,1,0,F4,0,1,0,1,D,10210,0,TC06_SV
0,SV,10045,TC07_SV,,0,0,0,F4,1,0,F4,0,1,0,1,D,10212,0,TC07_SV
0,SV,10046,TC08_SV,,0,0,0,F4,1,0,F4,0,1,0,1,D,10214,0,TC08_SV
0,SV,10047,TC09_SV,,0,0,0,F4,1,0,F4,0,1,0,1,D,10216,0,TC09_SV
0,SV,10048,TC10_SV,,0,0,0,F4,1,0,F4,0,1,0,1,D,10218,0,TC10_SV
0,SV,10049,TC11_SV,,0,0,0,F4,1,0,F4,0,1,0,1,D,10220,0,TC11_SV
0,SV,10050,TC12_SV,,0,0,0,F4,1,0,F4,0,1,0,1,D,10222,0,TC12_SV
0,SV,10051,IRA01_SV,,0,0,0,F4,1,0,F4,0,1,0,1,D,10240,0,IRA01_SV
0,SV,10052,IRA02_SV,,0,0,0,F4,1,0,F4,0,1,0,1,D,10242,0,IRA02_SV
0,SV,10053,IRA03_SV,,0,0,0,F4,1,0,F4,0,1,0,1,D,10244,0,IRA03_SV
0,SV,10054,IRA04_SV,,0,0,0,F4,1,0,F4,0,1,0,1,D,10246,0,IRA04_SV
0,SV,10055,IRA05_SV,,0,0,0,F4,1,0,F4,0,1,0,1,D,10248,0,IRA05_SV
0,SV,10056,IRA06_SV,,0,0,0,F4,1,0,F4,0,1,0,1,D,10250,0,IRA06_SV
0,SV,10057,IRA07_SV,,0,0,0,F4,1,0,F4,0,1,0,1,D,10252,0,IRA07_SV
0,SV,10058,IRA08_SV,,0,0,0,F4,1,0,F4,0,1,0,1,D,10254,0,IRA08_SV
0,SV,10059,IRA09_SV,,0,0,0,F4,1,0,F4,0,1,0,1,D,10256,0,IRA09_SV
0,SV,10060,IRA10_SV,,0,0,0,F4,1,0,F4,0,1,0,1,D,10258,0,IRA10_SV
0,SV,10061,IRA11_SV,,0,0,0,F4,1,0,F4,0,1,0,1,D,10260,0,IRA11_SV
0,SV,10062,IRA12_SV,,0,0,0,F4,1,0,F4,0,1,0,1,D,10262,0,IRA12_SV
0,SV,10063,IRB01_SV,,0,0,0,F4,1,0,F4,0,1,0,1,D,10320,0,IRB01_SV
0,SV,10064,IRB02_SV,,0,0,0,F4,1,0,F4,0,1,0,1,D,10322,0,IRB02_SV
0,SV,10065,IRB03_SV,,0,0,0,F4,1,0,F4,0,1,0,1,D,10324,0,IRB03_SV
0,SV,10066,IRB04_SV,,0,0,0,F4,1,0,F4,0,1,0,1,D,10326,0,IRB04_SV
0,SV,10067,IRB05_SV,,0,0,0,F4,1,0,F4,0,1,0,1,D,10328,0,IRB05_SV
0,SV,10068,IRB06_SV,,0,0,0,F4,1,0,F4,0,1,0,1,D,10330,0,IRB06_SV
0,SV,10069,IRB07_SV,,0,0,0,F4,1,0,F4,0,1,0,1,D,10332,0,IRB07_SV
0,SV,10070,IRB08_SV,,0,0,0,F4,1,0,F4,0,1,0,1,D,10334,0,IRB08_SV
0,SV,10071,IRB09_SV,,0,0,0,F4,1,0,F4,0,1,0,1,D,10336,0,IRB09_SV
0,SV,10072,IRB10_SV,,0,0,0,F4,1,0,F4,0,1,0,1,D,10338,0,IRB10_SV
0,SV,10073,IRB11_SV,,0,0,0,F4,1,0,F4,0,1,0,1,D,10340,0,IRB11_SV
0,SV,10074,IRB12_SV,,0,0,0,F4,1,0,F4,0,1,0,1,D,10342,0,IRB12_SV
0,SV,10075,LeftIRSPEED,,0,0,0,F4,1,0,F4,0,1,0,1,D,10380,0,LeftIRSPEED
0,SV,10076,RightIRSPEED,,0,0,0,F4,1,0,F4,0,1,0,1,D,10382,0,RightIRSPEED
0,SV,10077,PanelWidth,,0,0,0,F4,1,0,F4,0,1,0,1,D,10392,0,PanelWidth
0,SV,10078,PanelLength,,0,0,0,F4,1,0,F4,0,1,0,1,D,10390,0,PanelLength
0,SV,10079,LeftIRSPEEDPV,,0,0,0,F4,1,0,F4,0,1,0,1,D,10360,0,LeftIRSPEEDPV
0,SV,10080,RightIRSPEEDPV,,0,0,0,F4,1,0,F4,0,1,0,1,D,10362,0,RightIRSPEEDPV
0,ECV,20001,MachineName,,0,0,0,ASCII,20,1,ASCII,0,0,GBOV-79,1,D,9360,0,MachineName
0,ECV,20002,MDLN,,0,0,0,ASCII,10,1,ASCII,0,0,1.29F,1,D,9360,0,MachineName
0,SV,60002,CTROLMODE,,0,0,0,U2,1,0,U2,0,1,0,1,D,9105,0,1=Offline 2=Online Local 3=Online Remote
0,SV,60003,EQST,,0,0,0,U2,1,0,U2,0,1,0,1,D,9099,0,1=RUN 2=IDLE 3=DOWN 4=PM
0,SV,60004,EQOPMODE,,0,0,0,U2,1,0,U2,0,1,0,1,D,9578,0,1=AUTO 2=MANUAL
0,SV,60005,PPID_USING,,0,0,0,ASCII,20,1,ASCII,0,1,0,1,D,9400,0,PPID_USING
0,SV,60006,PPID_MODIFY,,0,0,0,ASCII,20,1,ASCII,0,1,0,1,D,9580,0,PPID_MODIFY
0,SV,60007,LOTID,,0,0,0,ASCII,20,1,ASCII,0,1,0,1,D,9320,0,LOTID
0,SV,60008,QTY,,0,0,0,F4,1,0,F4,0,1,0,1,D,9556,0,QTY
0,SV,60009,FROMSTATUS,,0,0,0,ASCII,2,1,ASCII,0,1,0,1,D,9590,0,1=off 2=on 3=Flash
0,SV,60010,TOSTATUS,,0,0,0,ASCII,2,1,ASCII,0,1,0,1,D,9591,0,1=off 2=on 3=Flash
