#Version=1.26C
#Keyword(EVT),E/D (0: Disabled / 1: Enabled),Event ID,Event Name,Transmission Condition No,CPU Number,Device Type,Device No,Handshake (0: Transaction-Wise /1: Message-Wise),Transmission Hold Time,Response Monitoring (0 : No /1 : Yes),Reception Notification,CPU Number (2nd),Device Type (2nd),Device No (2nd),Reception Keep Time,Comment
#Keyword(RPT),Report ID
EVT,1,1,EQUIPMENT OFF-LINE,1,1,M,0,0,0,1,0,1,M,0,0,
RPT,1
EVT,1,2,CONTROL STATE LOCAL,2,1,M,0,0,0,1,0,1,M,0,0,
RPT,1
EVT,1,3,CONTROL STATE REMOTE,3,1,M,0,0,0,1,0,1,M,0,0,
RPT,1
EVT,1,4,PROCESSING STARTED,4,1,M,0,0,0,1,0,1,M,0,0,
RPT,2
EVT,1,5,PROCESSING COMPLETED,5,1,M,0,0,0,1,0,1,M,0,0,
RPT,2
EVT,1,6,PROCESSING STOPPED,6,1,M,0,0,0,1,0,1,M,0,0,
RPT,2
EVT,1,7,PROCESSING STATE SETUP,8,1,M,0,0,0,1,0,1,M,0,0,
RPT,3
EVT,1,8,PROCESSING STATE READY,9,1,M,0,0,0,1,0,1,M,0,0,
RPT,3
EVT,0,9,PROCESSING STATE EXECUTING,4,1,M,0,0,0,1,0,1,M,0,0,
RPT,3
EVT,1,10,PROCESSING STATE IDLE,7,1,M,0,0,0,1,0,1,M,0,0,
RPT,3
EVT,1,11,PROCESSING STATE PAUSE,10,1,M,0,0,0,1,0,1,M,0,0,
RPT,3
EVT,1,12,ALARM DETECTED,11,1,M,0,0,0,1,0,1,M,0,0,
RPT,4
EVT,1,13,ALARM CLEARED,12,1,M,0,0,0,1,0,1,M,0,0,
RPT,4
EVT,1,14,EQUIPMENT CONSTANT CHANGE,13,1,M,0,0,0,1,0,1,M,0,0,
RPT,5
EVT,1,15,LIMIT ZONE TRANSITION,14,1,M,0,0,0,1,0,1,M,0,0,
RPT,6
EVT,1,16,PROCESS PROGRAM CHANGE,15,1,M,0,0,0,1,0,1,M,0,0,
RPT,7
EVT,1,17,PROCESS PROGRAM SELECTED,16,1,M,0,0,0,1,0,1,M,0,0,
RPT,8
EVT,0,18,MATERIAL RECEIVED,0,1,M,0,0,0,1,0,1,M,0,0,
RPT,12
EVT,0,19,MATERIAL REMOVED,0,1,M,0,0,0,1,0,1,M,0,0,
RPT,12
EVT,1,20,SPOOLING ACTIVATED,17,1,M,0,0,0,1,0,1,M,0,0,
RPT,9
EVT,1,21,SPOOLING DEACTIVATED,18,1,M,0,0,0,1,0,1,M,0,0,
RPT,10
EVT,1,22,SPOOL TRANSMIT FAILURE,19,1,M,0,0,0,1,0,1,M,0,0,
RPT,11
EVT,0,23,MESSAGE RECOGNITION,0,1,M,0,0,0,1,0,1,M,0,0,
RPT,12
