#Version=1.26C
#Keyword(RPT),Report ID,Report Name,Comment
#Keyword(VAL),Variable ID
RPT,1,CONTROL STATE,
VAL,8
VAL,29
RPT,2,PROCESSING,
VAL,29
VAL,13
RPT,3,PROCESSING STATE,
VAL,29
VAL,12
VAL,13
RPT,4,ALARMS,
VAL,29
VAL,19
VAL,18
RPT,5,EQP.CONSTANT CHANGE,
VAL,31
RPT,6,LIMITS MONITORING,
VAL,29
VAL,35
VAL,34
VAL,36
RPT,7,PP-CHANGE,
VAL,38
VAL,39
RPT,8,PP-SELECT,
VAL,40
RPT,9,SPOOL ACTIVE,
VAL,28
RPT,10,SPOOL INACTIVE,
VAL,26
RPT,11,SPOOL-TRANSMIT FAILURE,
VAL,29
VAL,25
VAL,26
RPT,12,CLOCK,
VAL,29
