<?xml version="1.0" encoding="Shift-JIS"?>
<SC><TR Name="Name" Comment="New Transaction"><PM Name="PrimaryMsg" Stream="1" Function="1" Wait="true" Comment="Primary Message" Variable="false" Repeat="false"/><SM Name="SecondaryMsg" Stream="1" Function="2" Wait="false" Comment="Secondary Message" Variable="false" Repeat="false"/></TR><TR Name="UDN" Comment="Undefined Device ID:S9F1"><PM Name="UDN" Stream="9" Function="1" Wait="false" Comment="Undefined Device ID:S9F1" Variable="false" Repeat="false"><I Name="MHEAD" Comment="SECS Header" Variable="false"><TY>BIN</TY><DS>10</DS><DT>"0"</DT></I></PM><SM Name="UDNS" Stream="9" Function="2" Wait="false" Comment="Undefined Device Response(Unused)" Variable="false" Repeat="false"/></TR><TR Name="USN" Comment="Undefined Stream Type:S9F3"><PM Name="USN" Stream="9" Function="3" Wait="false" Comment="Undefined Stream Type:S9F3" Variable="false" Repeat="false"><I Name="MHEAD" Comment="SECS Header" Variable="false"><TY>BIN</TY><DS>10</DS><DT>"0"</DT></I></PM><SM Name="USNS" Stream="9" Function="4" Wait="false" Comment="Undefined Stream Type Response(Unused)" Variable="false" Repeat="false"/></TR><TR Name="UFN" Comment="Undefined Function Type:S9F5"><PM Name="UFN" Stream="9" Function="5" Wait="false" Comment="Undefined Function Type:S9F5" Variable="false" Repeat="false"><I Name="MHEAD" Comment="SECS Header" Variable="false"><TY>BIN</TY><DS>10</DS><DT>"0"</DT></I></PM><SM Name="UFNS" Stream="9" Function="6" Wait="false" Comment="Undefined Function Type Response(Unused)" Variable="false" Repeat="false"/></TR><TR Name="IDN" Comment="Invalid Data:S9F7"><PM Name="IDN" Stream="9" Function="7" Wait="false" Comment="Invalid Data:S9F7" Variable="false" Repeat="false"><I Name="MHEAD" Comment="SECS Header" Variable="false"><TY>BIN</TY><DS>10</DS><DT>"0"</DT></I></PM><SM Name="IDNS" Stream="9" Function="8" Wait="false" Comment="Invalid Data Response(Unused)" Variable="false" Repeat="false"/></TR><TR Name="TTN" Comment="Transaction Timeout:S9F9"><PM Name="TTN" Stream="9" Function="9" Wait="false" Comment="Transaction Timeout:S9F9" Variable="false" Repeat="false"><I Name="SHEAD" Comment="SECS Header" Variable="false"><TY>BIN</TY><DS>10</DS><DT>"0"</DT></I></PM><SM Name="TTNS" Stream="9" Function="10" Wait="false" Comment="Transaction Timeout Response(Unused)" Variable="false" Repeat="false"/></TR><TR Name="DLN" Comment="Data Length Over:S9F11"><PM Name="DLN" Stream="9" Function="11" Wait="false" Comment="Data Length Over:S9F11" Variable="false" Repeat="false"><I Name="MHEAD" Comment="SECS Header" Variable="false"><TY>BIN</TY><DS>10</DS><DT>"0"</DT></I></PM><SM Name="DLNS" Stream="9" Function="12" Wait="false" Comment="Data Length Over Response(Unused)" Variable="false" Repeat="false"/></TR><TR Name="H_SCABT" Comment="Host Scenario Interruption Request:S99F1"><PM Name="H_SCABT" Stream="99" Function="1" Wait="false" Comment="Host Scenario Interruption Request:S99F1" Variable="false" Repeat="false"/><SM Name="H_SCABA" Stream="99" Function="2" Wait="false" Comment="Host Scenario Interruption Response:S99F2(Unused)" Variable="false" Repeat="false"/></TR><TR Name="E_SCABT" Comment="Scenario Interruption Notification:S99F3"><PM Name="E_SCABT" Stream="99" Function="3" Wait="false" Comment="Scenario Interruption Notification:S99F3" Variable="false" Repeat="false"/><SM Name="E_SCABA" Stream="99" Function="4" Wait="false" Comment="Scenario Interruption Response:S99F4(Unused)" Variable="false" Repeat="false"/></TR></SC>
