<?xml version="1.0" encoding="Shift-JIS"?>
<SC><TR Name="Name" Comment="New Transaction"><PM Name="PrimaryMsg" Stream="1" Function="1" Wait="true" Comment="Primary Message" Variable="false" Repeat="false"/><SM Name="SecondaryMsg" Stream="1" Function="2" Wait="false" Comment="Secondary Message" Variable="false" Repeat="false"/></TR><TR Name="START" Comment="Host Command Transmission:S2F41"><PM Name="HCS" Stream="2" Function="41" Wait="true" Comment="Host Command Transmission:S2F41" Variable="false" Repeat="false"><L Name="L2" Comment="" Variable="false" Repeat="0"><I Name="START" Comment="Remote Command" Variable="false"><TY>ASCII</TY><DS>5</DS></I><L Name="L0" Comment="" Variable="false" Repeat="0"/></L></PM><SM Name="HCA" Stream="2" Function="42" Wait="false" Comment="Host Command Ack.:S2F42" Variable="false" Repeat="false"><L Name="L2" Comment="" Variable="false" Repeat="0"><I Name="HCACK" Comment="Host Command Ack. Code" Variable="false"><TY>BIN</TY><DS>1</DS></I><L Name="L0" Comment="" Variable="false" Repeat="0"/></L></SM></TR><TR Name="STOP" Comment="Host Command Transmission:S2F41"><PM Name="HCS" Stream="2" Function="41" Wait="true" Comment="Host Command Transmission:S2F41" Variable="false" Repeat="false"><L Name="L2" Comment="" Variable="false" Repeat="0"><I Name="STOP" Comment="Remote Command" Variable="false"><TY>ASCII</TY><DS>4</DS></I><L Name="L0" Comment="" Variable="false" Repeat="0"/></L></PM><SM Name="HCA" Stream="2" Function="42" Wait="false" Comment="Host Command Ack.:S2F42" Variable="false" Repeat="false"><L Name="L2" Comment="" Variable="false" Repeat="0"><I Name="HCACK" Comment="Host Command Ack. Code" Variable="false"><TY>BIN</TY><DS>1</DS></I><L Name="L0" Comment="" Variable="false" Repeat="0"/></L></SM></TR><TR Name="PP_SELECT" Comment="Host Command Transmission:S2F41"><PM Name="HCS" Stream="2" Function="41" Wait="true" Comment="Host Command Transmission:S2F41" Variable="true" Repeat="false"><L Name="L2" Comment="" Variable="false" Repeat="0"><I Name="PP_SELECT" Comment="Remote Command" Variable="false"><TY>ASCII</TY><DS>9</DS></I><L Name="L3" Comment="" Variable="false" Repeat="0"><L Name="L2" Comment="" Variable="false" Repeat="0"><I Name="LOTID" Comment="" Variable="false"><TY>ASCII</TY><DS>5</DS><DT>"LOTID"</DT></I><I Name="Value" Comment="" Variable="true"><TY>ASCII</TY><DS>20</DS></I></L><L Name="L2" Comment="" Variable="false" Repeat="0"><I Name="PPID" Comment="" Variable="false"><TY>ASCII</TY><DS>4</DS><DT>"PPID"</DT></I><I Name="Value" Comment="" Variable="true"><TY>ASCII</TY><DS>10</DS></I></L><L Name="L2" Comment="" Variable="false" Repeat="0"><I Name="QTY" Comment="" Variable="false"><TY>ASCII</TY><DS>3</DS><DT>"QTY"</DT></I><I Name="Value" Comment="" Variable="true"><TY>ASCII</TY><DS>6</DS></I></L></L></L></PM><SM Name="HCA" Stream="2" Function="42" Wait="false" Comment="Host Command Ack.:S2F42" Variable="false" Repeat="false"><L Name="L2" Comment="" Variable="false" Repeat="0"><I Name="HCACK" Comment="Host Command Ack. Code" Variable="false"><TY>BIN</TY><DS>1</DS></I><L Name="L0" Comment="" Variable="false" Repeat="0"/></L></SM></TR><TR Name="LOCAL" Comment="Host Command Transmission:S2F41"><PM Name="HCS" Stream="2" Function="41" Wait="true" Comment="Host Command Transmission:S2F41" Variable="false" Repeat="false"><L Name="L2" Comment="" Variable="false" Repeat="0"><I Name="LOCAL" Comment="Remote Command" Variable="false"><TY>ASCII</TY><DS>5</DS></I><L Name="L0" Comment="" Variable="false" Repeat="0"/></L></PM><SM Name="HCA" Stream="2" Function="42" Wait="false" Comment="Host Command Ack.:S2F42" Variable="false" Repeat="false"><L Name="L2" Comment="" Variable="false" Repeat="0"><I Name="HCACK" Comment="Host Command Ack. Code" Variable="false"><TY>BIN</TY><DS>1</DS></I><L Name="L0" Comment="" Variable="false" Repeat="0"/></L></SM></TR><TR Name="REMOTE" Comment="Host Command Transmission:S2F41"><PM Name="HCS" Stream="2" Function="41" Wait="true" Comment="Host Command Transmission:S2F41" Variable="false" Repeat="false"><L Name="L2" Comment="" Variable="false" Repeat="0"><I Name="REMOTE" Comment="Remote Command" Variable="false"><TY>ASCII</TY><DS>6</DS></I><L Name="L0" Comment="" Variable="false" Repeat="0"/></L></PM><SM Name="HCA" Stream="2" Function="42" Wait="false" Comment="Host Command Ack.:S2F42" Variable="false" Repeat="false"><L Name="L2" Comment="" Variable="false" Repeat="0"><I Name="HCACK" Comment="Host Command Ack. Code" Variable="false"><TY>BIN</TY><DS>1</DS></I><L Name="L0" Comment="" Variable="false" Repeat="0"/></L></SM></TR><TR Name="SignalControl" Comment="Host Command Transmission:S2F41"><PM Name="HCS" Stream="2" Function="41" Wait="true" Comment="Host Command Transmission:S2F41" Variable="false" Repeat="false"><L Name="L2" Comment="" Variable="false" Repeat="0"><I Name="STC" Comment="Remote Command" Variable="false"><TY>ASCII</TY><DS>3</DS><DT>"STC"</DT></I><L Name="L1" Comment="" Variable="false" Repeat="0"><L Name="L2" Comment="" Variable="false" Repeat="0"><I Name="STATUS" Comment="" Variable="false"><TY>ASCII</TY><DS>6</DS><DT>"STATUS"</DT></I><I Name="Value" Comment="1=off 2=on 3=Flash" Variable="false"><TY>ASCII</TY><DS>1</DS></I></L></L></L></PM><SM Name="HCA" Stream="2" Function="42" Wait="false" Comment="Host Command Ack.:S2F42" Variable="false" Repeat="false"><L Name="L2" Comment="" Variable="false" Repeat="0"><I Name="HCACK" Comment="Host Command Ack. Code" Variable="false"><TY>BIN</TY><DS>1</DS></I><L Name="L0" Comment="" Variable="false" Repeat="0"/></L></SM></TR><TR Name="BuzzControl" Comment="Host Command Transmission:S2F41"><PM Name="HCS" Stream="2" Function="41" Wait="true" Comment="Host Command Transmission:S2F41" Variable="false" Repeat="false"><L Name="L2" Comment="" Variable="false" Repeat="0"><I Name="BUZZER" Comment="Remote Command" Variable="false"><TY>ASCII</TY><DS>6</DS><DT>"BUZZER"</DT></I><L Name="L1" Comment="" Variable="false" Repeat="0"><L Name="L2" Comment="" Variable="false" Repeat="0"><I Name="STATUS" Comment="" Variable="false"><TY>ASCII</TY><DS>6</DS><DT>"STATUS"</DT></I><I Name="Value" Comment="1=off 2=on" Variable="false"><TY>ASCII</TY><DS>1</DS></I></L></L></L></PM><SM Name="HCA" Stream="2" Function="42" Wait="false" Comment="Host Command Ack.:S2F42" Variable="false" Repeat="false"><L Name="L2" Comment="" Variable="false" Repeat="0"><I Name="HCACK" Comment="Host Command Ack. Code" Variable="false"><TY>BIN</TY><DS>1</DS></I><L Name="L0" Comment="" Variable="false" Repeat="0"/></L></SM></TR><TR Name="FPS" Comment="Formatted Process Program Send:S7F23"><PM Name="FPS" Stream="7" Function="23" Wait="true" Comment="Formatted Process Program Send:S7F23" Variable="true" Repeat="false"><L Name="L4" Comment="" Variable="false" Repeat="0"><I Name="PPID" Comment="Process Program ID" Variable="true"><TY>ASCII</TY><DS>20</DS></I><I Name="MDLN" Comment="GCP-712CRB" Variable="false"><TY>ASCII</TY><DS>13</DS></I><I Name="SOFTREV" Comment="Revision Code Of Software" Variable="false"><TY>ASCII</TY><DS>5</DS></I><L Name="L1" Comment="" Variable="true" Repeat="0"><L Name="L2" Comment="" Variable="false" Repeat="0"><I Name="SVID" Comment="Command Code" Variable="false"><TY>U2</TY><DS>1</DS></I><L Name="L16" Comment="" Variable="true" Repeat="0"><I Name="PPARM1" Comment="PPNo" Variable="false"><TY>U2</TY><DS>1</DS></I><I Name="PPARM2" Comment="TC01_SV" Variable="false"><TY>F4</TY><DS>1</DS></I><I Name="PPARM3" Comment="TC02_SV" Variable="false"><TY>F4</TY><DS>1</DS></I><I Name="PPARM4" Comment="TC03_SV" Variable="false"><TY>F4</TY><DS>1</DS></I><I Name="PPARM5" Comment="TC04_SV" Variable="false"><TY>F4</TY><DS>1</DS></I><I Name="PPARM6" Comment="TC05_SV" Variable="false"><TY>F4</TY><DS>1</DS></I><I Name="PPARM7" Comment="TC06_SV" Variable="false"><TY>F4</TY><DS>1</DS></I><I Name="PPARM8" Comment="TC07_SV" Variable="false"><TY>F4</TY><DS>1</DS></I><I Name="PPARM9" Comment="TC08_SV" Variable="false"><TY>F4</TY><DS>1</DS></I><I Name="PPARM10" Comment="TC09_SV" Variable="false"><TY>F4</TY><DS>1</DS></I><I Name="PPARM11" Comment="TC10_SV" Variable="false"><TY>F4</TY><DS>1</DS></I><I Name="PPARM12" Comment="TC11_SV" Variable="false"><TY>F4</TY><DS>1</DS></I><I Name="PPARM13" Comment="TC12_SV" Variable="false"><TY>F4</TY><DS>1</DS></I><I Name="PPARM14" Comment="StepCount" Variable="false"><TY>F4</TY><DS>1</DS></I><I Name="PPARM15" Comment="StepTime" Variable="false"><TY>F4</TY><DS>1</DS></I><I Name="PPARM16" Comment="PanelWidth" Variable="false"><TY>F4</TY><DS>1</DS></I></L></L></L></L></PM><SM Name="FPA" Stream="7" Function="24" Wait="false" Comment="Formatted Process Program Acknowledge:S7F24" Variable="false" Repeat="false"><I Name="ACKC7" Comment="Acknowledge Code" Variable="false"><TY>BIN</TY><DS>1</DS></I></SM></TR><TR Name="FPR" Comment="Formatted Process Program Request:S7F25"><PM Name="FPR" Stream="7" Function="25" Wait="true" Comment="Formatted Process Program Request:S7F25" Variable="true" Repeat="false"><I Name="PPID" Comment="Process Program ID" Variable="true"><TY>ASCII</TY><DS>10</DS></I></PM><SM Name="FPD" Stream="7" Function="26" Wait="false" Comment="Formatted Process Program Data:S7F26" Variable="true" Repeat="false"><L Name="L4" Comment="" Variable="true" Repeat="0"><I Name="PPID" Comment="Process Program ID" Variable="true"><TY>ASCII</TY><DS>10</DS></I><I Name="MDLN" Comment="Device Type" Variable="true"><TY>ASCII</TY><DS>10</DS></I><I Name="SOFTREV" Comment="Revision Code Of Software" Variable="true"><TY>ASCII</TY><DS>10</DS></I><L Name="L1" Comment="" Variable="true" Repeat="0"><L Name="L2" Comment="" Variable="false" Repeat="0"><I Name="SVID" Comment="Command Code" Variable="false"><TY>U2</TY><DS>1</DS></I><L Name="L16" Comment="" Variable="true" Repeat="0"><I Name="PPARM1" Comment="PPNo" Variable="false"><TY>U2</TY><DS>1</DS></I><I Name="PPARM2" Comment="TC01_SV" Variable="false"><TY>F4</TY><DS>1</DS></I><I Name="PPARM3" Comment="IR01_SV" Variable="false"><TY>F4</TY><DS>1</DS></I><I Name="PPARM4" Comment="IR02_SV" Variable="false"><TY>F4</TY><DS>1</DS></I><I Name="PPARM5" Comment="TC02_SV" Variable="false"><TY>F4</TY><DS>1</DS></I><I Name="PPARM6" Comment="IR03_SV" Variable="false"><TY>F4</TY><DS>1</DS></I><I Name="PPARM7" Comment="TC03_SV" Variable="false"><TY>F4</TY><DS>1</DS></I><I Name="PPARM8" Comment="IR04_SV" Variable="false"><TY>F4</TY><DS>1</DS></I><I Name="PPARM9" Comment="TC04_SV" Variable="false"><TY>F4</TY><DS>1</DS></I><I Name="PPARM10" Comment="IR05_SV" Variable="false"><TY>F4</TY><DS>1</DS></I><I Name="PPARM11" Comment="IR06_SV" Variable="false"><TY>F4</TY><DS>1</DS></I><I Name="PPARM12" Comment="Speed_SV" Variable="false"><TY>F4</TY><DS>1</DS></I></L></L></L></L></SM></TR><TR Name="VTN" Comment="Terminal Display,Single:S10F3"><PM Name="VTN" Stream="10" Function="3" Wait="true" Comment="Terminal Display,Single:S10F3" Variable="true" Repeat="false"><L Name="L2" Comment="" Variable="false" Repeat="0"><I Name="TID" Comment="Terminal Id" Variable="false"><TY>BIN</TY><DS>1</DS></I><I Name="TEXT" Comment="Text" Variable="true"><TY>ASCII</TY><DS>40</DS></I></L></PM><SM Name="VTA" Stream="10" Function="4" Wait="false" Comment="Terminal Display,Single Acknowledge:S10F4" Variable="false" Repeat="false"><I Name="ACKC10" Comment="Acknowledge Code" Variable="false"><TY>BIN</TY><DS>1</DS></I></SM></TR><TR Name="UDN" Comment="Undefined Device ID:S9F1"><PM Name="UDN" Stream="9" Function="1" Wait="false" Comment="Undefined Device ID:S9F1" Variable="false" Repeat="false"><I Name="MHEAD" Comment="SECS Header" Variable="false"><TY>BIN</TY><DS>10</DS><DT>"0"</DT></I></PM><SM Name="UDNS" Stream="9" Function="2" Wait="false" Comment="Undefined Device Response(Unused)" Variable="false" Repeat="false"/></TR><TR Name="USN" Comment="Undefined Stream Type:S9F3"><PM Name="USN" Stream="9" Function="3" Wait="false" Comment="Undefined Stream Type:S9F3" Variable="false" Repeat="false"><I Name="MHEAD" Comment="SECS Header" Variable="false"><TY>BIN</TY><DS>10</DS><DT>"0"</DT></I></PM><SM Name="USNS" Stream="9" Function="4" Wait="false" Comment="Undefined Stream Type Response(Unused)" Variable="false" Repeat="false"/></TR><TR Name="UFN" Comment="Undefined Function Type:S9F5"><PM Name="UFN" Stream="9" Function="5" Wait="false" Comment="Undefined Function Type:S9F5" Variable="false" Repeat="false"><I Name="MHEAD" Comment="SECS Header" Variable="false"><TY>BIN</TY><DS>10</DS><DT>"0"</DT></I></PM><SM Name="UFNS" Stream="9" Function="6" Wait="false" Comment="Undefined Function Type Response(Unused)" Variable="false" Repeat="false"/></TR><TR Name="IDN" Comment="Invalid Data:S9F7"><PM Name="IDN" Stream="9" Function="7" Wait="false" Comment="Invalid Data:S9F7" Variable="false" Repeat="false"><I Name="MHEAD" Comment="SECS Header" Variable="false"><TY>BIN</TY><DS>10</DS><DT>"0"</DT></I></PM><SM Name="IDNS" Stream="9" Function="8" Wait="false" Comment="Invalid Data Response(Unused)" Variable="false" Repeat="false"/></TR><TR Name="TTN" Comment="Transaction Timeout:S9F9"><PM Name="TTN" Stream="9" Function="9" Wait="false" Comment="Transaction Timeout:S9F9" Variable="false" Repeat="false"><I Name="SHEAD" Comment="SECS Header" Variable="false"><TY>BIN</TY><DS>10</DS><DT>"0"</DT></I></PM><SM Name="TTNS" Stream="9" Function="10" Wait="false" Comment="Transaction Timeout Response(Unused)" Variable="false" Repeat="false"/></TR><TR Name="DLN" Comment="Data Length Over:S9F11"><PM Name="DLN" Stream="9" Function="11" Wait="false" Comment="Data Length Over:S9F11" Variable="false" Repeat="false"><I Name="MHEAD" Comment="SECS Header" Variable="false"><TY>BIN</TY><DS>10</DS><DT>"0"</DT></I></PM><SM Name="DLNS" Stream="9" Function="12" Wait="false" Comment="Data Length Over Response(Unused)" Variable="false" Repeat="false"/></TR><TR Name="H_SCABT" Comment="Host Scenario Interruption Request:S99F1"><PM Name="H_SCABT" Stream="99" Function="1" Wait="false" Comment="Host Scenario Interruption Request:S99F1" Variable="false" Repeat="false"/><SM Name="H_SCABA" Stream="99" Function="2" Wait="false" Comment="Host Scenario Interruption Response:S99F2(Unused)" Variable="false" Repeat="false"/></TR><TR Name="E_SCABT" Comment="Scenario Interruption Notification:S99F3"><PM Name="E_SCABT" Stream="99" Function="3" Wait="false" Comment="Scenario Interruption Notification:S99F3" Variable="false" Repeat="false"/><SM Name="E_SCABA" Stream="99" Function="4" Wait="false" Comment="Scenario Interruption Response:S99F4(Unused)" Variable="false" Repeat="false"/></TR></SC>
