#Version=1.33K
#Management No,Class,Variable ID,Variable Name,Unit,Upper And Lower Limit Type (0: No/1 : Yes),Lower Limit Value,Upper Limit Value,Data Type,Data Count,Variable Length (0: Fixed / 1: Variable),SECS Data Type,Conversion Option,Value Type (0: Fixed / 1: Setup / 2: Default),Value,CPU Number,Device Type,Device No,Cache No,Comment
1,ECV,1,MDLN,,0,,,ASCII,20,1,ASCII,0,0,GCP-712CRB,1,D,0,0
2,ECV,2,SOFTREV,,0,,,ASCII,10,1,ASCII,0,0,1.26C,1,D,100,0
3,ECV,3,EstablishCommunicationsTimeout,s,1,1,240,U2,1,0,U2,0,2,10,1,R,5008,0,Sec
4,ECV,4,DefaultCommunicationsState,,1,0,1,BOOL,1,0,U1,0,2,1,1,R,5009,0,1:ENABLED/0:DISABLED
5,SV,5,CommunicationsState,,1,1,4,U1,1,0,U1,0,2,1,1,D,9102,0,1:DISABLED/2:WAIT CRA/3:WAIT DELAY/4:COMMUNICATING
6,ECV,6,DefaultControlState,,1,1,4,U1,1,0,U1,0,2,4,1,R,5010,0,1:EquipmentOFF-LINE/2:AttemptON-LINE/3:HostOFF-LINE/4:ON-LINE
7,ECV,7,DefaultOfflineState,,1,1,3,U1,1,0,U1,0,2,3,1,R,5011,0,1:EquipmentOFF-LINE or 3:HostOFF-LINE
8,SV,8,SecsControlState,,1,1,5,U1,1,0,U1,0,2,1,1,D,9105,0,1:EquipmentOFF-LINE/2:AttemptON-LINE/3:HostOFF-LINE/4:LOCAL/5:REMOTE
9,ECV,9,ProcessPartsCount,,1,0,99,U1,1,0,U1,0,0,2,1,D,0,0
10,DVVAL,10,ProcessChangePart,,1,1,99,U1,1,0,U1,0,2,1,1,D,9106,0
11,DVVAL,,ProcessChangeStatus,,1,0,39,U1,1,0,U1,0,2,0,1,D,9107,0,for internal
13,SV,17,AlarmsEnabled,,1,0,1,BOOL,1,0,LIST,0,0,0,1,D,0,0
14,SV,18,AlarmsSet,,0,1,256,U2,256,0,LIST,0,1,0,1,D,9450,0
15,DVVAL,19,AlarmID,,0,,,(=ALID),1,0,(=ALID),0,0,0,1,D,0,0
16,ECV,20,MaxSpoolTransmit,,1,0,4294967295,U4,1,0,U4,0,2,1024,1,R,5013,0
17,ECV,21,OverWriteSpool,,1,0,1,BOOL,1,0,BOOL,0,2,0,1,R,5015,0
18,ECV,22,MaxSpoolCount,,1,1,4294967295,U4,1,0,U4,0,2,32767,1,R,5016,0
19,ECV,23,EnableSpooling,,1,0,1,BOOL,1,0,BOOL,0,2,0,1,R,5018,0,1:ENABLED/0:DISABLED
20,SV,24,SpoolingState,,1,0,131,BIN,1,0,BIN,0,2,0,1,D,9114,0,0:INACTIVE/1:NO OUTPUT/2:TRANSMIT/3:PURGE/Bit8=SpoolFull
21,SV,25,SpoolCountActual,,1,0,4294967295,U4,1,0,U4,0,1,0,1,D,9115,0
22,SV,26,SpoolCountTotal,,1,0,4294967295,U4,1,0,U4,0,1,0,1,D,9116,0
23,SV,27,SpoolFullTime,,0,,,(=Clock),16,0,ASCII,0,1,0,1,D,9117,0
24,SV,28,SpoolStartTime,,0,,,(=Clock),16,0,ASCII,0,1,0,1,D,9125,0
25,SV,60001,Clock,,0,,,DATE-Q,12,0,ASCII,0,2,0,1,D,9133,0
26,ECV,30,TimeFormat,,1,0,1,U1,1,0,U1,0,2,0,1,D,9141,0
27,DVVAL,31,ChangeECID,,0,,,(=ECID),1,0,(=ECID),0,2,0,1,D,9145,0
28,DVVAL,,HostChangeECID,,0,1,32,(=ECID),1,0,(=ECID),0,2,0,1,D,9146,0
29,ECV,33,LimitsSamplingInterval,,1,1000,4294967295,U4,1,0,U4,0,0,5000,1,D,0,0
30,DVVAL,34,EventLimit,,0,,,(=LIMITID),1,0,(=LIMITID),0,0,0,1,D,0,0
31,DVVAL,35,LimitVariable,,0,,,(=VID),1,0,(=VID),0,0,0,1,D,0,0
32,DVVAL,36,TransitionType,,0,,,BIN,1,0,BIN,0,0,0,1,D,0,0,0:to Above 1:to Below
33,SV,37,EventsEnabled,,0,,,(=CEID),1,0,LIST,0,0,0,1,D,0,0
34,DVVAL,38,PPChangeName,,0,,,ASCII,80,0,(=PPID),0,0,PPID,1,D,0,0
35,DVVAL,39,PPChangeStatus,,1,1,3,U1,1,0,U1,0,0,0,1,D,0,0
36,SV,40,PPExecName,,0,,,(=PPID),0,0,LIST,0,0,-,1,D,0,0
37,DVVAL,,PPDeleteResult,,0,,,BIN,1,0,BIN,0,2,0,1,D,9061,0
38,ECV,,PPEnabled,,0,1,1024,(TABLE),50,0,(TABLE),0,1,0,1,R,5200,0,for internal
39,ECV,,EPPD,,0,1,1024,(TABLE),50,0,(TABLE),0,1,0,1,R,5300,0,for internal
257,SV,44,ProcessState,,1,0,32,U1,1,0,U2,0,2,0,1,D,9099,0,1:IDLE/2:SETUP/3:READY/4:EXECUTING/5:PAUSE
258,SV,,PreviousProcessState_part01,,1,0,32,U1,1,0,U4,0,0,0,1,D,2109,0
513,SV,,ProcessState_part02,,1,0,32,U1,1,0,U4,0,0,0,1,D,0,0,1:IDLE/2:SETUP/3:READY/4:EXECUTING/5:PAUSE02
514,SV,,PreviousProcessState_part02,,1,0,32,U1,1,0,U4,0,0,0,1,D,0,0,02
0,SV,10001,PartNo,,0,0,0,ASCII,20,1,ASCII,0,1,0,1,D,9300,0,PartNo
0,SV,10002,LotNo,,0,0,0,ASCII,20,1,ASCII,0,1,0,1,D,9320,0,LotNo
0,SV,10003,OPID,,0,0,0,ASCII,20,1,ASCII,0,1,0,1,D,9340,0,OPID
0,SV,10004,MachineName,,0,0,0,ASCII,10,0,ASCII,0,2,GCP-712CRB,1,D,9360,0,MachineName
0,SV,10005,PPNumber,,0,0,0,ASCII,2,1,ASCII,0,1,0,1,D,9380,0,PPNumber
0,SV,10006,PPID,,0,0,0,ASCII,20,1,ASCII,0,1,0,1,D,9400,0,PPID
0,SV,10007,TC01_SV,,0,0,0,F4,1,0,F4,0,1,0,1,D,9500,0,TC01_SV
0,SV,10008,TC02_SV,,0,0,0,F4,1,0,F4,0,1,0,1,D,9502,0,TC02_SV
0,SV,10009,TC03_SV,,0,0,0,F4,1,0,F4,0,1,0,1,D,9504,0,TC03_SV
0,SV,10010,TC04_SV,,0,0,0,F4,1,0,F4,0,1,0,1,D,9506,0,TC04_SV
0,SV,10011,TC05_SV,,0,0,0,F4,1,0,F4,0,1,0,1,D,9508,0,TC05_SV
0,SV,10012,TC06_SV,,0,0,0,F4,1,0,F4,0,1,0,1,D,9510,0,TC06_SV
0,SV,10013,TC07_SV,,0,0,0,F4,1,0,F4,0,1,0,1,D,9512,0,TC07_SV
0,SV,10014,TC08_SV,,0,0,0,F4,1,0,F4,0,1,0,1,D,9514,0,TC08_SV
0,SV,10015,TC09_SV,,0,0,0,F4,1,0,F4,0,1,0,1,D,9516,0,TC09_SV
0,SV,10016,TC10_SV,,0,0,0,F4,1,0,F4,0,1,0,1,D,9518,0,TC10_SV
0,SV,10017,TC11_SV,,0,0,0,F4,1,0,F4,0,1,0,1,D,9520,0,TC11_SV
0,SV,10018,TC12_SV,,0,0,0,F4,1,0,F4,0,1,0,1,D,9522,0,TC12_SV
0,SV,10019,StepCount,,0,0,0,F4,1,0,F4,0,1,0,1,D,9524,0,StepCount
0,SV,10020,StepTime,,0,0,0,F4,1,0,F4,0,1,0,1,D,9526,0,StepTime
0,SV,10021,PanelWidth,,0,0,0,F4,1,0,F4,0,1,0,1,D,9528,0,StepTime
0,SV,10022,TC01_PV,,0,0,0,F4,1,0,F4,0,1,0,1,D,9530,0,TC01_PV
0,SV,10023,TC02_PV,,0,0,0,F4,1,0,F4,0,1,0,1,D,9532,0,TC02_PV
0,SV,10024,TC03_PV,,0,0,0,F4,1,0,F4,0,1,0,1,D,9534,0,TC03_PV
0,SV,10025,TC04_PV,,0,0,0,F4,1,0,F4,0,1,0,1,D,9536,0,TC04_PV
0,SV,10026,TC05_PV,,0,0,0,F4,1,0,F4,0,1,0,1,D,9538,0,TC05_PV
0,SV,10027,TC06_PV,,0,0,0,F4,1,0,F4,0,1,0,1,D,9540,0,TC06_PV
0,SV,10028,TC07_PV,,0,0,0,F4,1,0,F4,0,1,0,1,D,9542,0,TC07_PV
0,SV,10029,TC08_PV,,0,0,0,F4,1,0,F4,0,1,0,1,D,9544,0,TC08_PV
0,SV,10030,TC09_PV,,0,0,0,F4,1,0,F4,0,1,0,1,D,9546,0,TC09_PV
0,SV,10031,TC10_PV,,0,0,0,F4,1,0,F4,0,1,0,1,D,9548,0,TC10_PV
0,SV,10032,TC11_PV,,0,0,0,F4,1,0,F4,0,1,0,1,D,9550,0,TC11_PV
0,SV,10033,TC12_PV,,0,0,0,F4,1,0,F4,0,1,0,1,D,9552,0,TC12_PV
0,SV,10034,WS01_PV,,0,0,0,F4,1,0,F4,0,1,0,1,D,9554,0,WS01_PV
0,SV,10035,WS02_PV,,0,0,0,F4,1,0,F4,0,1,0,1,D,9556,0,WS02_PV
0,SV,10036,WS03_PV,,0,0,0,F4,1,0,F4,0,1,0,1,D,9558,0,WS03_PV
0,SV,10037,WS04_PV,,0,0,0,F4,1,0,F4,0,1,0,1,D,9560,0,WS04_PV
0,SV,10038,WS05_PV,,0,0,0,F4,1,0,F4,0,1,0,1,D,9562,0,WS05_PV
0,SV,10039,WS06_PV,,0,0,0,F4,1,0,F4,0,1,0,1,D,9564,0,WS06_PV
0,SV,10040,WS07_PV,,0,0,0,F4,1,0,F4,0,1,0,1,D,9566,0,WS07_PV
0,SV,10041,WS08_PV,,0,0,0,F4,1,0,F4,0,1,0,1,D,9568,0,WS08_PV
0,SV,10042,WS09_PV,,0,0,0,F4,1,0,F4,0,1,0,1,D,9570,0,WS09_PV
0,SV,10043,WS10_PV,,0,0,0,F4,1,0,F4,0,1,0,1,D,9572,0,WS10_PV
0,SV,10044,WS11_PV,,0,0,0,F4,1,0,F4,0,1,0,1,D,9574,0,WS11_PV
0,SV,10045,WS12_PV,,0,0,0,F4,1,0,F4,0,1,0,1,D,9576,0,WS12_PV
0,ECV,20001,MachineName,,0,0,0,ASCII,10,0,ASCII,0,0,GCP-712CRB,1,D,0,0,MachineName
0,ECV,20002,MDLN,,0,0,0,ASCII,5,0,ASCII,0,0,1.26C,1,D,0,0,MachineName
0,SV,60002,CTROLMODE,,0,0,0,U2,1,0,U2,0,1,0,1,D,9105,0,1=Offline 2=Online Local 3=Online Remote
0,SV,60003,EQST,,0,0,0,U2,1,0,U2,0,1,0,1,D,9099,0,1=RUN 2=IDLE 3=DOWN 4=PM
0,SV,60004,EQOPMODE,,0,0,0,U2,1,0,U2,0,1,0,1,D,9578,0,1=AUTO 2=MANUAL
0,SV,60005,PPID_USING,,0,0,0,ASCII,20,1,ASCII,0,1,0,1,D,9400,0,PPID_USING
0,SV,60006,PPID_MODIFY,,0,0,0,ASCII,20,1,ASCII,0,1,0,1,D,9580,0,PPID_MODIFY
0,SV,60007,LOTID,,0,0,0,ASCII,20,1,ASCII,0,1,0,1,D,9320,0,LOTID
0,SV,60008,UNITID,,0,0,0,ASCII,10,0,ASCII,0,0,GCP-712CRB,1,D,0,0,UNITID
0,SV,60009,PANELID,,0,0,0,U2,1,0,U2,0,1,0,1,D,9579,0,PANELID
0,SV,60010,QTY,,0,0,0,U2,1,0,U2,0,1,0,1,D,10535,0,QTY
