<?xml version="1.0" encoding="Shift-JIS"?>
<Cim_op Version="1.29F"><TransactionList><Transaction Name="Name" Comment="New Transaction" HandShakeDev="1" CUse1="0" CSlot1="1" CType1="D" CNo1="0" CNum1="0" CFrame1="1" CUse2="0" CSlot2="1" CType2="D" CNo2="0" CNum2="0" CFrame2="1" CUse3="0" CSlot3="1" CType3="D" CNo3="0" CNum3="0" CFrame3="1" CUse4="0" CSlot4="1" CType4="D" CNo4="0" CNum4="0" CFrame4="1" CUse5="0" CSlot5="1" CType5="D" CNo5="0" CNum5="0" CFrame5="1" CUse6="0" CSlot6="1" CType6="D" CNo6="0" CNum6="0" CFrame6="1" CUse7="0" CSlot7="1" CType7="D" CNo7="0" CNum7="0" CFrame7="1" CUse8="0" CSlot8="1" CType8="D" CNo8="0" CNum8="0" CFrame8="1" CUse9="0" CSlot9="1" CType9="D" CNo9="0" CNum9="0" CFrame9="1" CUse10="0" CSlot10="1" CType10="D" CNo10="0" CNum10="0" CFrame10="1" CUse11="0" CSlot11="1" CType11="D" CNo11="0" CNum11="0" CFrame11="1" CUse12="0" CSlot12="1" CType12="D" CNo12="0" CNum12="0" CFrame12="1" CUse13="0" CSlot13="1" CType13="D" CNo13="0" CNum13="0" CFrame13="1" CUse14="0" CSlot14="1" CType14="D" CNo14="0" CNum14="0" CFrame14="1" CUse15="0" CSlot15="1" CType15="D" CNo15="0" CNum15="0" CFrame15="1" CUse16="0" CSlot16="1" CType16="D" CNo16="0" CNum16="0" CFrame16="1" NotEditFlg="0"><PrimaryMessage Name="PrimaryMsg" Comment="Primary Message" Stream="1" Function="1" Wait="1" SendTrigger="0" SendTrgSlot="1" SendTrgType="M" SendTrgNo="0" HoldTime="0" Cyclic="0" IntervalSetType="0" Interval="1000" IntervalSlot="1" IntervalType="D" IntervalNo="0" IntervalCount="1" IntervalUnit="msec" ReplyMsg="0" T9Timer="60" RStream="0" RFunction="0" RTrns="" ReceiveTrigger="0" RecvTrgSlot="1" RecvTrgType="M" RecvTrgNo="0" KeepTime="10" AutoReply="0"/><SecondaryMessage Name="SecondaryMsg" Comment="Secondary Message" Stream="1" Function="2" SendTrigger="0" SendTrgSlot="1" SendTrgType="M" SendTrgNo="0" HoldTime="20" ReceiveTrigger="0" RecvTrgSlot="1" RecvTrgType="M" RecvTrgNo="0" KeepTime="10"/></Transaction><Transaction Name="START" Comment="Host Command Transmission:S2F41" HandShakeDev="1" NotEditFlg="0" CUse1="0" CSlot1="1" CType1="D" CNo1="0" CNum1="0" CFrame1="1" CUse2="0" CSlot2="1" CType2="D" CNo2="0" CNum2="0" CFrame2="1" CUse3="0" CSlot3="1" CType3="D" CNo3="0" CNum3="0" CFrame3="1" CUse4="0" CSlot4="1" CType4="D" CNo4="0" CNum4="0" CFrame4="1" CUse5="0" CSlot5="1" CType5="D" CNo5="0" CNum5="0" CFrame5="1" CUse6="0" CSlot6="1" CType6="D" CNo6="0" CNum6="0" CFrame6="1" CUse7="0" CSlot7="1" CType7="D" CNo7="0" CNum7="0" CFrame7="1" CUse8="0" CSlot8="1" CType8="D" CNo8="0" CNum8="0" CFrame8="1" CUse9="0" CSlot9="1" CType9="D" CNo9="0" CNum9="0" CFrame9="1" CUse10="0" CSlot10="1" CType10="D" CNo10="0" CNum10="0" CFrame10="1" CUse11="0" CSlot11="1" CType11="D" CNo11="0" CNum11="0" CFrame11="1" CUse12="0" CSlot12="1" CType12="D" CNo12="0" CNum12="0" CFrame12="1" CUse13="0" CSlot13="1" CType13="D" CNo13="0" CNum13="0" CFrame13="1" CUse14="0" CSlot14="1" CType14="D" CNo14="0" CNum14="0" CFrame14="1" CUse15="0" CSlot15="1" CType15="D" CNo15="0" CNum15="0" CFrame15="1" CUse16="0" CSlot16="1" CType16="D" CNo16="0" CNum16="0" CFrame16="1"><PrimaryMessage Name="HCS" Comment="Host Command Transmission:S2F41" Stream="2" Function="41" Wait="1" SendTrigger="0" SendTrgSlot="1" SendTrgType="M" SendTrgNo="6" HoldTime="1000" Cyclic="0" Interval="1000" ReplyMsg="0" T9Timer="60" RStream="0" RFunction="0" RTrns="" ReceiveTrigger="1" RecvTrgSlot="1" RecvTrgType="M" RecvTrgNo="6042" KeepTime="10" AutoReply="0" IntervalSetType="0" IntervalSlot="0" IntervalType="" IntervalNo="" IntervalCount="0" IntervalUnit=""><Item Name="L2" Comment="" DataType="LIST" Variable="0" DataSize="0" DataFlg="1" Data="" CPU="1" TYPE="D" IO_No="0" DestinationType="" SelLstFlg="" SelectRegFlg="" SelCPU="1" SelTYPE="D" SelIO_No="0" SelectKeyFlg="" RepeatFlg="" Repeat="" Offset="0" MmapFlg="0" MmapType="MMW" Unit="1" Addr="0"><Item Name="START" Comment="Remote Command" DataType="ASCII" Variable="0" DataSize="5" DataFlg="0" Data="START" CPU="1" TYPE="D" IO_No="10600" DestinationType="" SelLstFlg="0" SelectRegFlg="0" SelCPU="1" SelTYPE="D" SelIO_No="0" SelectKeyFlg="0" RepeatFlg="0" Repeat="" Offset="0" MmapFlg="0" MmapType="MMW" Unit="1" Addr="0" RepeatNumFlg="0"/><Item Name="L0" Comment="" DataType="LIST" Variable="0" DataSize="0" DataFlg="1" Data="" CPU="2" TYPE="D" IO_No="1034" DestinationType="" SelLstFlg="0" SelectRegFlg="0" SelCPU="1" SelTYPE="D" SelIO_No="0" SelectKeyFlg="0" RepeatFlg="0" Repeat="" Offset="0" MmapFlg="0" MmapType="MMW" Unit="1" Addr="0" RepeatNumFlg="0"/></Item></PrimaryMessage><SecondaryMessage Name="HCA" Comment="Host Command Ack.:S2F42" Stream="2" Function="42" SendTrigger="1" SendTrgSlot="1" SendTrgType="M" SendTrgNo="6043" HoldTime="20" ReceiveTrigger="0" RecvTrgSlot="0" RecvTrgType="M" RecvTrgNo="0" KeepTime="10"><Item Name="L2" Comment="" DataType="LIST" Variable="0" DataSize="0" DataFlg="1" Data="" CPU="1" TYPE="D" IO_No="0" DestinationType="" SelLstFlg="" SelectRegFlg="" SelCPU="1" SelTYPE="D" SelIO_No="0" SelectKeyFlg="" RepeatFlg="" Repeat="" Offset="0" MmapFlg="0" MmapType="MMW" Unit="1" Addr="0"><Item Name="HCACK" Comment="Host Command Ack. Code" DataType="BIN" Variable="0" DataSize="1" DataFlg="0" Data="" CPU="1" TYPE="D" IO_No="10012" DestinationType="" SelLstFlg="0" SelectRegFlg="0" SelCPU="1" SelTYPE="D" SelIO_No="0" SelectKeyFlg="0" RepeatFlg="0" Repeat="" Offset="0" MmapFlg="0" MmapType="MMW" Unit="1" Addr="0" RepeatNumFlg="0"/><Item Name="L0" Comment="" DataType="LIST" Variable="0" DataSize="1" DataFlg="1" Data="" CPU="1" TYPE="D" IO_No="0" DestinationType="" SelLstFlg="0" SelectRegFlg="0" SelCPU="1" SelTYPE="D" SelIO_No="0" SelectKeyFlg="0" RepeatFlg="0" Repeat="0" RepeatNumFlg="0" Offset="0" MmapFlg="0" MmapType="MMW" Unit="1" Addr="0"/></Item></SecondaryMessage></Transaction>
		<Transaction Name="STOP" Comment="Host Command Transmission:S2F41" HandShakeDev="1" NotEditFlg="0" CUse1="0" CSlot1="1" CType1="D" CNo1="0" CNum1="0" CFrame1="1" CUse2="0" CSlot2="1" CType2="D" CNo2="0" CNum2="0" CFrame2="1" CUse3="0" CSlot3="1" CType3="D" CNo3="0" CNum3="0" CFrame3="1" CUse4="0" CSlot4="1" CType4="D" CNo4="0" CNum4="0" CFrame4="1" CUse5="0" CSlot5="1" CType5="D" CNo5="0" CNum5="0" CFrame5="1" CUse6="0" CSlot6="1" CType6="D" CNo6="0" CNum6="0" CFrame6="1" CUse7="0" CSlot7="1" CType7="D" CNo7="0" CNum7="0" CFrame7="1" CUse8="0" CSlot8="1" CType8="D" CNo8="0" CNum8="0" CFrame8="1" CUse9="0" CSlot9="1" CType9="D" CNo9="0" CNum9="0" CFrame9="1" CUse10="0" CSlot10="1" CType10="D" CNo10="0" CNum10="0" CFrame10="1" CUse11="0" CSlot11="1" CType11="D" CNo11="0" CNum11="0" CFrame11="1" CUse12="0" CSlot12="1" CType12="D" CNo12="0" CNum12="0" CFrame12="1" CUse13="0" CSlot13="1" CType13="D" CNo13="0" CNum13="0" CFrame13="1" CUse14="0" CSlot14="1" CType14="D" CNo14="0" CNum14="0" CFrame14="1" CUse15="0" CSlot15="1" CType15="D" CNo15="0" CNum15="0" CFrame15="1" CUse16="0" CSlot16="1" CType16="D" CNo16="0" CNum16="0" CFrame16="1"><PrimaryMessage Name="HCS" Comment="Host Command Transmission:S2F41" Stream="2" Function="41" Wait="1" SendTrigger="0" SendTrgSlot="1" SendTrgType="M" SendTrgNo="6" HoldTime="1000" Cyclic="0" Interval="1000" ReplyMsg="0" T9Timer="60" RStream="0" RFunction="0" RTrns="" ReceiveTrigger="1" RecvTrgSlot="1" RecvTrgType="M" RecvTrgNo="6042" KeepTime="10" AutoReply="0" IntervalSetType="0" IntervalSlot="0" IntervalType="" IntervalNo="" IntervalCount="0" IntervalUnit=""><Item Name="L2" Comment="" DataType="LIST" Variable="0" DataSize="0" DataFlg="1" Data="" CPU="1" TYPE="D" IO_No="0" DestinationType="" SelLstFlg="" SelectRegFlg="" SelCPU="1" SelTYPE="D" SelIO_No="0" SelectKeyFlg="" RepeatFlg="" Repeat="" Offset="0" MmapFlg="0" MmapType="MMW" Unit="1" Addr="0"><Item Name="STOP" Comment="Remote Command" DataType="ASCII" Variable="0" DataSize="4" DataFlg="0" Data="" CPU="1" TYPE="D" IO_No="10600" DestinationType="" SelLstFlg="0" SelectRegFlg="0" SelCPU="1" SelTYPE="D" SelIO_No="0" SelectKeyFlg="0" RepeatFlg="0" Repeat="" Offset="0" MmapFlg="0" MmapType="MMW" Unit="1" Addr="0" RepeatNumFlg="0"/><Item Name="L0" Comment="" DataType="LIST" Variable="0" DataSize="0" DataFlg="1" Data="" CPU="2" TYPE="D" IO_No="1034" DestinationType="" SelLstFlg="0" SelectRegFlg="0" SelCPU="1" SelTYPE="D" SelIO_No="0" SelectKeyFlg="0" RepeatFlg="0" Repeat="" Offset="0" MmapFlg="0" MmapType="MMW" Unit="1" Addr="0" RepeatNumFlg="0"/></Item></PrimaryMessage><SecondaryMessage Name="HCA" Comment="Host Command Ack.:S2F42" Stream="2" Function="42" SendTrigger="1" SendTrgSlot="1" SendTrgType="M" SendTrgNo="6043" HoldTime="20" ReceiveTrigger="0" RecvTrgSlot="0" RecvTrgType="M" RecvTrgNo="0" KeepTime="10"><Item Name="L2" Comment="" DataType="LIST" Variable="0" DataSize="0" DataFlg="1" Data="" CPU="1" TYPE="D" IO_No="0" DestinationType="" SelLstFlg="" SelectRegFlg="" SelCPU="1" SelTYPE="D" SelIO_No="0" SelectKeyFlg="" RepeatFlg="" Repeat="" Offset="0" MmapFlg="0" MmapType="MMW" Unit="1" Addr="0"><Item Name="HCACK" Comment="Host Command Ack. Code" DataType="BIN" Variable="0" DataSize="1" DataFlg="0" Data="" CPU="1" TYPE="D" IO_No="10012" DestinationType="" SelLstFlg="0" SelectRegFlg="0" SelCPU="1" SelTYPE="D" SelIO_No="0" SelectKeyFlg="0" RepeatFlg="0" Repeat="" Offset="0" MmapFlg="0" MmapType="MMW" Unit="1" Addr="0" RepeatNumFlg="0"/><Item Name="L0" Comment="" DataType="LIST" Variable="0" DataSize="1" DataFlg="1" Data="" CPU="1" TYPE="D" IO_No="0" DestinationType="" SelLstFlg="0" SelectRegFlg="0" SelCPU="1" SelTYPE="D" SelIO_No="0" SelectKeyFlg="0" RepeatFlg="0" Repeat="0" RepeatNumFlg="0" Offset="0" MmapFlg="0" MmapType="MMW" Unit="1" Addr="0"/></Item></SecondaryMessage></Transaction>
		<Transaction Name="PP_SELECT" Comment="Host Command Transmission:S2F41" HandShakeDev="1" NotEditFlg="0" CUse1="0" CSlot1="1" CType1="D" CNo1="0" CNum1="0" CFrame1="1" CUse2="0" CSlot2="1" CType2="D" CNo2="0" CNum2="0" CFrame2="1" CUse3="0" CSlot3="1" CType3="D" CNo3="0" CNum3="0" CFrame3="1" CUse4="0" CSlot4="1" CType4="D" CNo4="0" CNum4="0" CFrame4="1" CUse5="0" CSlot5="1" CType5="D" CNo5="0" CNum5="0" CFrame5="1" CUse6="0" CSlot6="1" CType6="D" CNo6="0" CNum6="0" CFrame6="1" CUse7="0" CSlot7="1" CType7="D" CNo7="0" CNum7="0" CFrame7="1" CUse8="0" CSlot8="1" CType8="D" CNo8="0" CNum8="0" CFrame8="1" CUse9="0" CSlot9="1" CType9="D" CNo9="0" CNum9="0" CFrame9="1" CUse10="0" CSlot10="1" CType10="D" CNo10="0" CNum10="0" CFrame10="1" CUse11="0" CSlot11="1" CType11="D" CNo11="0" CNum11="0" CFrame11="1" CUse12="0" CSlot12="1" CType12="D" CNo12="0" CNum12="0" CFrame12="1" CUse13="0" CSlot13="1" CType13="D" CNo13="0" CNum13="0" CFrame13="1" CUse14="0" CSlot14="1" CType14="D" CNo14="0" CNum14="0" CFrame14="1" CUse15="0" CSlot15="1" CType15="D" CNo15="0" CNum15="0" CFrame15="1" CUse16="0" CSlot16="1" CType16="D" CNo16="0" CNum16="0" CFrame16="1"><PrimaryMessage Name="HCS" Comment="Host Command Transmission:S2F41" Stream="2" Function="41" Wait="1" SendTrigger="0" SendTrgSlot="1" SendTrgType="M" SendTrgNo="6" HoldTime="1000" Cyclic="0" Interval="1000" ReplyMsg="0" T9Timer="60" RStream="0" RFunction="0" RTrns="" ReceiveTrigger="1" RecvTrgSlot="1" RecvTrgType="M" RecvTrgNo="6042" KeepTime="10" AutoReply="0" IntervalSetType="0" IntervalSlot="0" IntervalType="" IntervalNo="" IntervalCount="0" IntervalUnit="">
				<Item Name="L2" Comment="" DataType="LIST" Variable="0" DataSize="0" DataFlg="1" Data="" CPU="1" TYPE="D" IO_No="0" DestinationType="" SelLstFlg="" SelectRegFlg="" SelCPU="1" SelTYPE="D" SelIO_No="0" SelectKeyFlg="" RepeatFlg="" Repeat="" Offset="0" MmapFlg="0" MmapType="MMW" Unit="1" Addr="0"><Item Name="PP_SELECT" Comment="Remote Command" DataType="ASCII" Variable="0" DataSize="9" DataFlg="0" Data="" CPU="1" TYPE="D" IO_No="10600" DestinationType="" SelLstFlg="0" SelectRegFlg="0" SelCPU="1" SelTYPE="D" SelIO_No="0" SelectKeyFlg="0" RepeatFlg="0" Repeat="" Offset="0" MmapFlg="0" MmapType="MMW" Unit="1" Addr="0" RepeatNumFlg="0"/><Item Name="L3" Comment="" DataType="LIST" Variable="0" DataSize="0" DataFlg="1" Data="" CPU="2" TYPE="D" IO_No="1034" DestinationType="" SelLstFlg="0" SelectRegFlg="0" SelCPU="1" SelTYPE="D" SelIO_No="0" SelectKeyFlg="0" RepeatFlg="0" Repeat="" Offset="0" MmapFlg="0" MmapType="MMW" Unit="1" Addr="0" RepeatNumFlg="0"><Item Name="L2" Comment="" DataType="LIST" Variable="0" DataSize="1" DataFlg="1" Data="" CPU="1" TYPE="D" IO_No="0" DestinationType="" SelLstFlg="0" SelectRegFlg="0" SelCPU="1" SelTYPE="D" SelIO_No="0" SelectKeyFlg="0" RepeatFlg="0" Repeat="0" RepeatNumFlg="0" Offset="0" MmapFlg="0" MmapType="MMW" Unit="1" Addr="0"><Item Name="LOTID" Comment="" DataType="ASCII" Variable="0" DataSize="5" DataFlg="1" Data="LOTID" CPU="1" TYPE="D" IO_No="615" DestinationType="" SelLstFlg="0" SelectRegFlg="0" SelCPU="1" SelTYPE="D" SelIO_No="0" SelectKeyFlg="0" RepeatFlg="0" Repeat="0" RepeatNumFlg="0" Offset="0" MmapFlg="0" MmapType="MMW" Unit="1" Addr="0"/><Item Name="Value" Comment="" DataType="ASCII" Variable="1" DataSize="20" DataFlg="0" Data="" CPU="1" TYPE="D" IO_No="10500" DestinationType="" SelLstFlg="0" SelectRegFlg="0" SelCPU="1" SelTYPE="D" SelIO_No="0" SelectKeyFlg="0" RepeatFlg="0" Repeat="0" RepeatNumFlg="0" Offset="0" MmapFlg="0" MmapType="MMW" Unit="1" Addr="0"/></Item><Item Name="L2" Comment="" DataType="LIST" Variable="0" DataSize="1" DataFlg="1" Data="" CPU="1" TYPE="D" IO_No="0" DestinationType="" SelLstFlg="0" SelectRegFlg="0" SelCPU="1" SelTYPE="D" SelIO_No="0" SelectKeyFlg="0" RepeatFlg="0" Repeat="0" RepeatNumFlg="0" Offset="0" MmapFlg="0" MmapType="MMW" Unit="1" Addr="0"><Item Name="PPID" Comment="" DataType="ASCII" Variable="0" DataSize="4" DataFlg="1" Data="PPID" CPU="1" TYPE="D" IO_No="675" DestinationType="" SelLstFlg="0" SelectRegFlg="0" SelCPU="1" SelTYPE="D" SelIO_No="0" SelectKeyFlg="0" RepeatFlg="0" Repeat="0" RepeatNumFlg="0" Offset="0" MmapFlg="0" MmapType="MMW" Unit="1" Addr="0"/><Item Name="Value" Comment="" DataType="ASCII" Variable="1" DataSize="20" DataFlg="0" Data="" CPU="1" TYPE="D" IO_No="10520" DestinationType="" SelLstFlg="0" SelectRegFlg="0" SelCPU="1" SelTYPE="D" SelIO_No="0" SelectKeyFlg="0" RepeatFlg="0" Repeat="0" RepeatNumFlg="0" Offset="0" MmapFlg="0" MmapType="MMW" Unit="1" Addr="0"/></Item><Item Name="L2" Comment="" DataType="LIST" Variable="0" DataSize="1" DataFlg="1" Data="" CPU="1" TYPE="D" IO_No="0" DestinationType="" SelLstFlg="0" SelectRegFlg="0" SelCPU="1" SelTYPE="D" SelIO_No="0" SelectKeyFlg="0" RepeatFlg="0" Repeat="0" RepeatNumFlg="0" Offset="0" MmapFlg="0" MmapType="MMW" Unit="1" Addr="0"><Item Name="QTY" Comment="" DataType="ASCII" Variable="0" DataSize="3" DataFlg="1" Data="QTY" CPU="1" TYPE="D" IO_No="0" DestinationType="" SelLstFlg="0" SelectRegFlg="0" SelCPU="1" SelTYPE="D" SelIO_No="0" SelectKeyFlg="0" RepeatFlg="0" Repeat="0" RepeatNumFlg="0" Offset="0" MmapFlg="0" MmapType="MMW" Unit="1" Addr="0"/><Item Name="Value" Comment="" DataType="ASCII" Variable="1" DataSize="6" DataFlg="0" Data="" CPU="1" TYPE="D" IO_No="10535" DestinationType="" SelLstFlg="0" SelectRegFlg="0" SelCPU="1" SelTYPE="D" SelIO_No="0" SelectKeyFlg="0" RepeatFlg="0" Repeat="0" RepeatNumFlg="0" Offset="0" MmapFlg="0" MmapType="MMW" Unit="1" Addr="0"/></Item></Item></Item></PrimaryMessage><SecondaryMessage Name="HCA" Comment="Host Command Ack.:S2F42" Stream="2" Function="42" SendTrigger="1" SendTrgSlot="1" SendTrgType="M" SendTrgNo="6043" HoldTime="20" ReceiveTrigger="0" RecvTrgSlot="0" RecvTrgType="M" RecvTrgNo="0" KeepTime="10"><Item Name="L2" Comment="" DataType="LIST" Variable="0" DataSize="0" DataFlg="1" Data="" CPU="1" TYPE="D" IO_No="0" DestinationType="" SelLstFlg="" SelectRegFlg="" SelCPU="1" SelTYPE="D" SelIO_No="0" SelectKeyFlg="" RepeatFlg="" Repeat="" Offset="0" MmapFlg="0" MmapType="MMW" Unit="1" Addr="0"><Item Name="HCACK" Comment="Host Command Ack. Code" DataType="BIN" Variable="0" DataSize="1" DataFlg="0" Data="" CPU="1" TYPE="D" IO_No="10012" DestinationType="" SelLstFlg="0" SelectRegFlg="0" SelCPU="1" SelTYPE="D" SelIO_No="0" SelectKeyFlg="0" RepeatFlg="0" Repeat="" Offset="0" MmapFlg="0" MmapType="MMW" Unit="1" Addr="0" RepeatNumFlg="0"/><Item Name="L0" Comment="" DataType="LIST" Variable="0" DataSize="1" DataFlg="1" Data="" CPU="1" TYPE="D" IO_No="0" DestinationType="" SelLstFlg="0" SelectRegFlg="0" SelCPU="1" SelTYPE="D" SelIO_No="0" SelectKeyFlg="0" RepeatFlg="0" Repeat="0" RepeatNumFlg="0" Offset="0" MmapFlg="0" MmapType="MMW" Unit="1" Addr="0"/></Item></SecondaryMessage></Transaction>
		<Transaction Name="LOCAL" Comment="Host Command Transmission:S2F41" HandShakeDev="1" NotEditFlg="0" CUse1="0" CSlot1="1" CType1="D" CNo1="0" CNum1="0" CFrame1="1" CUse2="0" CSlot2="1" CType2="D" CNo2="0" CNum2="0" CFrame2="1" CUse3="0" CSlot3="1" CType3="D" CNo3="0" CNum3="0" CFrame3="1" CUse4="0" CSlot4="1" CType4="D" CNo4="0" CNum4="0" CFrame4="1" CUse5="0" CSlot5="1" CType5="D" CNo5="0" CNum5="0" CFrame5="1" CUse6="0" CSlot6="1" CType6="D" CNo6="0" CNum6="0" CFrame6="1" CUse7="0" CSlot7="1" CType7="D" CNo7="0" CNum7="0" CFrame7="1" CUse8="0" CSlot8="1" CType8="D" CNo8="0" CNum8="0" CFrame8="1" CUse9="0" CSlot9="1" CType9="D" CNo9="0" CNum9="0" CFrame9="1" CUse10="0" CSlot10="1" CType10="D" CNo10="0" CNum10="0" CFrame10="1" CUse11="0" CSlot11="1" CType11="D" CNo11="0" CNum11="0" CFrame11="1" CUse12="0" CSlot12="1" CType12="D" CNo12="0" CNum12="0" CFrame12="1" CUse13="0" CSlot13="1" CType13="D" CNo13="0" CNum13="0" CFrame13="1" CUse14="0" CSlot14="1" CType14="D" CNo14="0" CNum14="0" CFrame14="1" CUse15="0" CSlot15="1" CType15="D" CNo15="0" CNum15="0" CFrame15="1" CUse16="0" CSlot16="1" CType16="D" CNo16="0" CNum16="0" CFrame16="1"><PrimaryMessage Name="HCS" Comment="Host Command Transmission:S2F41" Stream="2" Function="41" Wait="1" SendTrigger="0" SendTrgSlot="1" SendTrgType="M" SendTrgNo="6" HoldTime="1000" Cyclic="0" Interval="1000" ReplyMsg="0" T9Timer="60" RStream="0" RFunction="0" RTrns="" ReceiveTrigger="1" RecvTrgSlot="1" RecvTrgType="M" RecvTrgNo="6042" KeepTime="10" AutoReply="0" IntervalSetType="0" IntervalSlot="0" IntervalType="" IntervalNo="" IntervalCount="0" IntervalUnit=""><Item Name="L2" Comment="" DataType="LIST" Variable="0" DataSize="0" DataFlg="1" Data="" CPU="1" TYPE="D" IO_No="0" DestinationType="" SelLstFlg="" SelectRegFlg="" SelCPU="1" SelTYPE="D" SelIO_No="0" SelectKeyFlg="" RepeatFlg="" Repeat="" Offset="0" MmapFlg="0" MmapType="MMW" Unit="1" Addr="0"><Item Name="LOCAL" Comment="Remote Command" DataType="ASCII" Variable="0" DataSize="5" DataFlg="0" Data="" CPU="1" TYPE="D" IO_No="10600" DestinationType="" SelLstFlg="0" SelectRegFlg="0" SelCPU="1" SelTYPE="D" SelIO_No="0" SelectKeyFlg="0" RepeatFlg="0" Repeat="" Offset="0" MmapFlg="0" MmapType="MMW" Unit="1" Addr="0" RepeatNumFlg="0"/><Item Name="L0" Comment="" DataType="LIST" Variable="0" DataSize="0" DataFlg="1" Data="" CPU="2" TYPE="D" IO_No="1034" DestinationType="" SelLstFlg="0" SelectRegFlg="0" SelCPU="1" SelTYPE="D" SelIO_No="0" SelectKeyFlg="0" RepeatFlg="0" Repeat="" Offset="0" MmapFlg="0" MmapType="MMW" Unit="1" Addr="0" RepeatNumFlg="0"/></Item></PrimaryMessage><SecondaryMessage Name="HCA" Comment="Host Command Ack.:S2F42" Stream="2" Function="42" SendTrigger="1" SendTrgSlot="1" SendTrgType="M" SendTrgNo="6043" HoldTime="20" ReceiveTrigger="0" RecvTrgSlot="0" RecvTrgType="M" RecvTrgNo="0" KeepTime="10"><Item Name="L2" Comment="" DataType="LIST" Variable="0" DataSize="0" DataFlg="1" Data="" CPU="1" TYPE="D" IO_No="0" DestinationType="" SelLstFlg="" SelectRegFlg="" SelCPU="1" SelTYPE="D" SelIO_No="0" SelectKeyFlg="" RepeatFlg="" Repeat="" Offset="0" MmapFlg="0" MmapType="MMW" Unit="1" Addr="0"><Item Name="HCACK" Comment="Host Command Ack. Code" DataType="BIN" Variable="0" DataSize="1" DataFlg="0" Data="" CPU="1" TYPE="D" IO_No="10012" DestinationType="" SelLstFlg="0" SelectRegFlg="0" SelCPU="1" SelTYPE="D" SelIO_No="0" SelectKeyFlg="0" RepeatFlg="0" Repeat="" Offset="0" MmapFlg="0" MmapType="MMW" Unit="1" Addr="0" RepeatNumFlg="0"/><Item Name="L0" Comment="" DataType="LIST" Variable="0" DataSize="1" DataFlg="1" Data="" CPU="1" TYPE="D" IO_No="0" DestinationType="" SelLstFlg="0" SelectRegFlg="0" SelCPU="1" SelTYPE="D" SelIO_No="0" SelectKeyFlg="0" RepeatFlg="0" Repeat="0" RepeatNumFlg="0" Offset="0" MmapFlg="0" MmapType="MMW" Unit="1" Addr="0"/></Item></SecondaryMessage></Transaction><Transaction Name="REMOTE" Comment="Host Command Transmission:S2F41" HandShakeDev="1" NotEditFlg="0" CUse1="0" CSlot1="1" CType1="D" CNo1="0" CNum1="0" CFrame1="1" CUse2="0" CSlot2="1" CType2="D" CNo2="0" CNum2="0" CFrame2="1" CUse3="0" CSlot3="1" CType3="D" CNo3="0" CNum3="0" CFrame3="1" CUse4="0" CSlot4="1" CType4="D" CNo4="0" CNum4="0" CFrame4="1" CUse5="0" CSlot5="1" CType5="D" CNo5="0" CNum5="0" CFrame5="1" CUse6="0" CSlot6="1" CType6="D" CNo6="0" CNum6="0" CFrame6="1" CUse7="0" CSlot7="1" CType7="D" CNo7="0" CNum7="0" CFrame7="1" CUse8="0" CSlot8="1" CType8="D" CNo8="0" CNum8="0" CFrame8="1" CUse9="0" CSlot9="1" CType9="D" CNo9="0" CNum9="0" CFrame9="1" CUse10="0" CSlot10="1" CType10="D" CNo10="0" CNum10="0" CFrame10="1" CUse11="0" CSlot11="1" CType11="D" CNo11="0" CNum11="0" CFrame11="1" CUse12="0" CSlot12="1" CType12="D" CNo12="0" CNum12="0" CFrame12="1" CUse13="0" CSlot13="1" CType13="D" CNo13="0" CNum13="0" CFrame13="1" CUse14="0" CSlot14="1" CType14="D" CNo14="0" CNum14="0" CFrame14="1" CUse15="0" CSlot15="1" CType15="D" CNo15="0" CNum15="0" CFrame15="1" CUse16="0" CSlot16="1" CType16="D" CNo16="0" CNum16="0" CFrame16="1"><PrimaryMessage Name="HCS" Comment="Host Command Transmission:S2F41" Stream="2" Function="41" Wait="1" SendTrigger="0" SendTrgSlot="1" SendTrgType="M" SendTrgNo="6" HoldTime="1000" Cyclic="0" Interval="1000" ReplyMsg="0" T9Timer="60" RStream="0" RFunction="0" RTrns="" ReceiveTrigger="1" RecvTrgSlot="1" RecvTrgType="M" RecvTrgNo="6042" KeepTime="10" AutoReply="0" IntervalSetType="0" IntervalSlot="0" IntervalType="" IntervalNo="" IntervalCount="0" IntervalUnit=""><Item Name="L2" Comment="" DataType="LIST" Variable="0" DataSize="0" DataFlg="1" Data="" CPU="1" TYPE="D" IO_No="0" DestinationType="" SelLstFlg="" SelectRegFlg="" SelCPU="1" SelTYPE="D" SelIO_No="0" SelectKeyFlg="" RepeatFlg="" Repeat="" Offset="0" MmapFlg="0" MmapType="MMW" Unit="1" Addr="0"><Item Name="REMOTE" Comment="Remote Command" DataType="ASCII" Variable="0" DataSize="6" DataFlg="0" Data="" CPU="1" TYPE="D" IO_No="10600" DestinationType="" SelLstFlg="0" SelectRegFlg="0" SelCPU="1" SelTYPE="D" SelIO_No="0" SelectKeyFlg="0" RepeatFlg="0" Repeat="" Offset="0" MmapFlg="0" MmapType="MMW" Unit="1" Addr="0" RepeatNumFlg="0"/><Item Name="L0" Comment="" DataType="LIST" Variable="0" DataSize="0" DataFlg="1" Data="" CPU="2" TYPE="D" IO_No="1034" DestinationType="" SelLstFlg="0" SelectRegFlg="0" SelCPU="1" SelTYPE="D" SelIO_No="0" SelectKeyFlg="0" RepeatFlg="0" Repeat="" Offset="0" MmapFlg="0" MmapType="MMW" Unit="1" Addr="0" RepeatNumFlg="0"/></Item></PrimaryMessage><SecondaryMessage Name="HCA" Comment="Host Command Ack.:S2F42" Stream="2" Function="42" SendTrigger="1" SendTrgSlot="1" SendTrgType="M" SendTrgNo="6043" HoldTime="20" ReceiveTrigger="0" RecvTrgSlot="0" RecvTrgType="M" RecvTrgNo="0" KeepTime="10"><Item Name="L2" Comment="" DataType="LIST" Variable="0" DataSize="0" DataFlg="1" Data="" CPU="1" TYPE="D" IO_No="0" DestinationType="" SelLstFlg="" SelectRegFlg="" SelCPU="1" SelTYPE="D" SelIO_No="0" SelectKeyFlg="" RepeatFlg="" Repeat="" Offset="0" MmapFlg="0" MmapType="MMW" Unit="1" Addr="0"><Item Name="HCACK" Comment="Host Command Ack. Code" DataType="BIN" Variable="0" DataSize="1" DataFlg="0" Data="" CPU="1" TYPE="D" IO_No="10012" DestinationType="" SelLstFlg="0" SelectRegFlg="0" SelCPU="1" SelTYPE="D" SelIO_No="0" SelectKeyFlg="0" RepeatFlg="0" Repeat="" Offset="0" MmapFlg="0" MmapType="MMW" Unit="1" Addr="0" RepeatNumFlg="0"/><Item Name="L0" Comment="" DataType="LIST" Variable="0" DataSize="1" DataFlg="1" Data="" CPU="1" TYPE="D" IO_No="0" DestinationType="" SelLstFlg="0" SelectRegFlg="0" SelCPU="1" SelTYPE="D" SelIO_No="0" SelectKeyFlg="0" RepeatFlg="0" Repeat="0" RepeatNumFlg="0" Offset="0" MmapFlg="0" MmapType="MMW" Unit="1" Addr="0"/></Item></SecondaryMessage></Transaction><Transaction Name="SignalControl" Comment="Host Command Transmission:S2F41" HandShakeDev="1" NotEditFlg="0" CUse1="0" CSlot1="1" CType1="D" CNo1="0" CNum1="0" CFrame1="1" CUse2="0" CSlot2="1" CType2="D" CNo2="0" CNum2="0" CFrame2="1" CUse3="0" CSlot3="1" CType3="D" CNo3="0" CNum3="0" CFrame3="1" CUse4="0" CSlot4="1" CType4="D" CNo4="0" CNum4="0" CFrame4="1" CUse5="0" CSlot5="1" CType5="D" CNo5="0" CNum5="0" CFrame5="1" CUse6="0" CSlot6="1" CType6="D" CNo6="0" CNum6="0" CFrame6="1" CUse7="0" CSlot7="1" CType7="D" CNo7="0" CNum7="0" CFrame7="1" CUse8="0" CSlot8="1" CType8="D" CNo8="0" CNum8="0" CFrame8="1" CUse9="0" CSlot9="1" CType9="D" CNo9="0" CNum9="0" CFrame9="1" CUse10="0" CSlot10="1" CType10="D" CNo10="0" CNum10="0" CFrame10="1" CUse11="0" CSlot11="1" CType11="D" CNo11="0" CNum11="0" CFrame11="1" CUse12="0" CSlot12="1" CType12="D" CNo12="0" CNum12="0" CFrame12="1" CUse13="0" CSlot13="1" CType13="D" CNo13="0" CNum13="0" CFrame13="1" CUse14="0" CSlot14="1" CType14="D" CNo14="0" CNum14="0" CFrame14="1" CUse15="0" CSlot15="1" CType15="D" CNo15="0" CNum15="0" CFrame15="1" CUse16="0" CSlot16="1" CType16="D" CNo16="0" CNum16="0" CFrame16="1"><PrimaryMessage Name="HCS" Comment="Host Command Transmission:S2F41" Stream="2" Function="41" Wait="1" SendTrigger="0" SendTrgSlot="1" SendTrgType="M" SendTrgNo="6" HoldTime="1000" Cyclic="0" Interval="1000" ReplyMsg="0" T9Timer="60" RStream="0" RFunction="0" RTrns="" ReceiveTrigger="1" RecvTrgSlot="1" RecvTrgType="M" RecvTrgNo="6042" KeepTime="10" AutoReply="0" IntervalSetType="0" IntervalSlot="0" IntervalType="" IntervalNo="" IntervalCount="0" IntervalUnit=""><Item Name="L2" Comment="" DataType="LIST" Variable="0" DataSize="0" DataFlg="1" Data="" CPU="1" TYPE="D" IO_No="0" DestinationType="" SelLstFlg="" SelectRegFlg="" SelCPU="1" SelTYPE="D" SelIO_No="0" SelectKeyFlg="" RepeatFlg="" Repeat="" Offset="0" MmapFlg="0" MmapType="MMW" Unit="1" Addr="0"><Item Name="STC" Comment="Remote Command" DataType="ASCII" Variable="0" DataSize="3" DataFlg="1" Data="STC" CPU="1" TYPE="D" IO_No="10700" DestinationType="" SelLstFlg="0" SelectRegFlg="0" SelCPU="1" SelTYPE="D" SelIO_No="0" SelectKeyFlg="0" RepeatFlg="0" Repeat="" Offset="0" MmapFlg="0" MmapType="MMW" Unit="1" Addr="0" RepeatNumFlg="0"/><Item Name="L1" Comment="" DataType="LIST" Variable="0" DataSize="0" DataFlg="1" Data="" CPU="2" TYPE="D" IO_No="1034" DestinationType="" SelLstFlg="0" SelectRegFlg="0" SelCPU="1" SelTYPE="D" SelIO_No="0" SelectKeyFlg="0" RepeatFlg="0" Repeat="" Offset="0" MmapFlg="0" MmapType="MMW" Unit="1" Addr="0" RepeatNumFlg="0"><Item Name="L2" Comment="" DataType="LIST" Variable="0" DataSize="1" DataFlg="1" Data="" CPU="1" TYPE="D" IO_No="0" DestinationType="" SelLstFlg="0" SelectRegFlg="0" SelCPU="1" SelTYPE="D" SelIO_No="0" SelectKeyFlg="0" RepeatFlg="0" Repeat="0" RepeatNumFlg="0" Offset="0" MmapFlg="0" MmapType="MMW" Unit="1" Addr="0"><Item Name="STATUS" Comment="" DataType="ASCII" Variable="0" DataSize="6" DataFlg="1" Data="STATUS" CPU="1" TYPE="D" IO_No="10540" DestinationType="" SelLstFlg="0" SelectRegFlg="0" SelCPU="1" SelTYPE="D" SelIO_No="0" SelectKeyFlg="0" RepeatFlg="0" Repeat="0" RepeatNumFlg="0" Offset="0" MmapFlg="0" MmapType="MMW" Unit="1" Addr="0"/><Item Name="Value" Comment="1=off 2=on 3=Flash" DataType="ASCII" Variable="0" DataSize="1" DataFlg="0" Data="" CPU="1" TYPE="D" IO_No="10540" DestinationType="" SelLstFlg="0" SelectRegFlg="0" SelCPU="1" SelTYPE="D" SelIO_No="0" SelectKeyFlg="0" RepeatFlg="0" Repeat="0" RepeatNumFlg="0" Offset="0" MmapFlg="0" MmapType="MMW" Unit="1" Addr="0"/></Item></Item></Item></PrimaryMessage><SecondaryMessage Name="HCA" Comment="Host Command Ack.:S2F42" Stream="2" Function="42" SendTrigger="1" SendTrgSlot="1" SendTrgType="M" SendTrgNo="6043" HoldTime="20" ReceiveTrigger="0" RecvTrgSlot="0" RecvTrgType="M" RecvTrgNo="0" KeepTime="10"><Item Name="L2" Comment="" DataType="LIST" Variable="0" DataSize="0" DataFlg="1" Data="" CPU="1" TYPE="D" IO_No="0" DestinationType="" SelLstFlg="" SelectRegFlg="" SelCPU="1" SelTYPE="D" SelIO_No="0" SelectKeyFlg="" RepeatFlg="" Repeat="" Offset="0" MmapFlg="0" MmapType="MMW" Unit="1" Addr="0"><Item Name="HCACK" Comment="Host Command Ack. Code" DataType="BIN" Variable="0" DataSize="1" DataFlg="0" Data="" CPU="1" TYPE="D" IO_No="10012" DestinationType="" SelLstFlg="0" SelectRegFlg="0" SelCPU="1" SelTYPE="D" SelIO_No="0" SelectKeyFlg="0" RepeatFlg="0" Repeat="" Offset="0" MmapFlg="0" MmapType="MMW" Unit="1" Addr="0" RepeatNumFlg="0"/><Item Name="L0" Comment="" DataType="LIST" Variable="0" DataSize="1" DataFlg="1" Data="" CPU="1" TYPE="D" IO_No="0" DestinationType="" SelLstFlg="0" SelectRegFlg="0" SelCPU="1" SelTYPE="D" SelIO_No="0" SelectKeyFlg="0" RepeatFlg="0" Repeat="0" RepeatNumFlg="0" Offset="0" MmapFlg="0" MmapType="MMW" Unit="1" Addr="0"/></Item></SecondaryMessage></Transaction><Transaction Name="BuzzerControl" Comment="Host Command Transmission:S2F41" HandShakeDev="0" NotEditFlg="0" CUse1="0" CSlot1="1" CType1="D" CNo1="0" CNum1="0" CFrame1="1" CUse2="0" CSlot2="1" CType2="D" CNo2="0" CNum2="0" CFrame2="1" CUse3="0" CSlot3="1" CType3="D" CNo3="0" CNum3="0" CFrame3="1" CUse4="0" CSlot4="1" CType4="D" CNo4="0" CNum4="0" CFrame4="1" CUse5="0" CSlot5="1" CType5="D" CNo5="0" CNum5="0" CFrame5="1" CUse6="0" CSlot6="1" CType6="D" CNo6="0" CNum6="0" CFrame6="1" CUse7="0" CSlot7="1" CType7="D" CNo7="0" CNum7="0" CFrame7="1" CUse8="0" CSlot8="1" CType8="D" CNo8="0" CNum8="0" CFrame8="1" CUse9="0" CSlot9="1" CType9="D" CNo9="0" CNum9="0" CFrame9="1" CUse10="0" CSlot10="1" CType10="D" CNo10="0" CNum10="0" CFrame10="1" CUse11="0" CSlot11="1" CType11="D" CNo11="0" CNum11="0" CFrame11="1" CUse12="0" CSlot12="1" CType12="D" CNo12="0" CNum12="0" CFrame12="1" CUse13="0" CSlot13="1" CType13="D" CNo13="0" CNum13="0" CFrame13="1" CUse14="0" CSlot14="1" CType14="D" CNo14="0" CNum14="0" CFrame14="1" CUse15="0" CSlot15="1" CType15="D" CNo15="0" CNum15="0" CFrame15="1" CUse16="0" CSlot16="1" CType16="D" CNo16="0" CNum16="0" CFrame16="1"><PrimaryMessage Name="HCS" Comment="Host Command Transmission:S2F41" Stream="2" Function="41" Wait="1" SendTrigger="0" SendTrgSlot="1" SendTrgType="M" SendTrgNo="6" HoldTime="1000" Cyclic="0" Interval="1000" ReplyMsg="0" T9Timer="60" RStream="0" RFunction="0" RTrns="" ReceiveTrigger="1" RecvTrgSlot="1" RecvTrgType="M" RecvTrgNo="6234" KeepTime="10" AutoReply="1" IntervalSetType="0" IntervalSlot="0" IntervalType="" IntervalNo="" IntervalCount="0" IntervalUnit=""><Item Name="L2" Comment="" DataType="LIST" Variable="0" DataSize="0" DataFlg="1" Data="" CPU="1" TYPE="D" IO_No="0" DestinationType="" SelLstFlg="" SelectRegFlg="" SelCPU="1" SelTYPE="D" SelIO_No="0" SelectKeyFlg="" RepeatFlg="" Repeat="" Offset="0" MmapFlg="0" MmapType="MMW" Unit="1" Addr="0"><Item Name="BUZZER" Comment="Remote Command" DataType="ASCII" Variable="0" DataSize="6" DataFlg="1" Data="BUZZER" CPU="1" TYPE="D" IO_No="10700" DestinationType="" SelLstFlg="0" SelectRegFlg="0" SelCPU="1" SelTYPE="D" SelIO_No="0" SelectKeyFlg="0" RepeatFlg="0" Repeat="" Offset="0" MmapFlg="0" MmapType="MMW" Unit="1" Addr="0" RepeatNumFlg="0"/><Item Name="L1" Comment="" DataType="LIST" Variable="0" DataSize="0" DataFlg="1" Data="" CPU="2" TYPE="D" IO_No="1034" DestinationType="" SelLstFlg="0" SelectRegFlg="0" SelCPU="1" SelTYPE="D" SelIO_No="0" SelectKeyFlg="0" RepeatFlg="0" Repeat="" Offset="0" MmapFlg="0" MmapType="MMW" Unit="1" Addr="0" RepeatNumFlg="0"><Item Name="L2" Comment="" DataType="LIST" Variable="0" DataSize="1" DataFlg="1" Data="" CPU="1" TYPE="D" IO_No="0" DestinationType="" SelLstFlg="0" SelectRegFlg="0" SelCPU="1" SelTYPE="D" SelIO_No="0" SelectKeyFlg="0" RepeatFlg="0" Repeat="0" RepeatNumFlg="0" Offset="0" MmapFlg="0" MmapType="MMW" Unit="1" Addr="0"><Item Name="STATUS" Comment="" DataType="ASCII" Variable="0" DataSize="6" DataFlg="1" Data="STATUS" CPU="1" TYPE="D" IO_No="10540" DestinationType="" SelLstFlg="0" SelectRegFlg="0" SelCPU="1" SelTYPE="D" SelIO_No="0" SelectKeyFlg="0" RepeatFlg="0" Repeat="0" RepeatNumFlg="0" Offset="0" MmapFlg="0" MmapType="MMW" Unit="1" Addr="0"/><Item Name="Value" Comment="1=off 2=on " DataType="ASCII" Variable="0" DataSize="1" DataFlg="0" Data="" CPU="1" TYPE="D" IO_No="10542" DestinationType="" SelLstFlg="0" SelectRegFlg="0" SelCPU="1" SelTYPE="D" SelIO_No="0" SelectKeyFlg="0" RepeatFlg="0" Repeat="0" RepeatNumFlg="0" Offset="0" MmapFlg="0" MmapType="MMW" Unit="1" Addr="0"/></Item></Item></Item></PrimaryMessage><SecondaryMessage Name="HCA" Comment="Host Command Ack.:S2F42" Stream="2" Function="42" SendTrigger="1" SendTrgSlot="1" SendTrgType="M" SendTrgNo="6043" HoldTime="20" ReceiveTrigger="0" RecvTrgSlot="0" RecvTrgType="M" RecvTrgNo="0" KeepTime="10"><Item Name="L2" Comment="" DataType="LIST" Variable="0" DataSize="0" DataFlg="1" Data="" CPU="1" TYPE="D" IO_No="0" DestinationType="" SelLstFlg="" SelectRegFlg="" SelCPU="1" SelTYPE="D" SelIO_No="0" SelectKeyFlg="" RepeatFlg="" Repeat="" Offset="0" MmapFlg="0" MmapType="MMW" Unit="1" Addr="0"><Item Name="HCACK" Comment="Host Command Ack. Code" DataType="BIN" Variable="0" DataSize="1" DataFlg="1" Data="0" CPU="1" TYPE="D" IO_No="10012" DestinationType="" SelLstFlg="0" SelectRegFlg="0" SelCPU="1" SelTYPE="D" SelIO_No="0" SelectKeyFlg="0" RepeatFlg="0" Repeat="" Offset="0" MmapFlg="0" MmapType="MMW" Unit="1" Addr="0" RepeatNumFlg="0"/><Item Name="L0" Comment="" DataType="LIST" Variable="0" DataSize="1" DataFlg="1" Data="" CPU="1" TYPE="D" IO_No="0" DestinationType="" SelLstFlg="0" SelectRegFlg="0" SelCPU="1" SelTYPE="D" SelIO_No="0" SelectKeyFlg="0" RepeatFlg="0" Repeat="0" RepeatNumFlg="0" Offset="0" MmapFlg="0" MmapType="MMW" Unit="1" Addr="0"/></Item></SecondaryMessage></Transaction><Transaction Name="FPS" Comment="Formatted Process Program Send:S7F23" HandShakeDev="0" NotEditFlg="0" CUse1="1" CSlot1="1" CType1="R" CNo1="2051" CNum1="512" CFrame1="1" CUse2="0" CSlot2="1" CType2="D" CNo2="0" CNum2="0" CFrame2="1" CUse3="0" CSlot3="1" CType3="D" CNo3="0" CNum3="0" CFrame3="1" CUse4="0" CSlot4="1" CType4="D" CNo4="0" CNum4="0" CFrame4="1" CUse5="0" CSlot5="1" CType5="D" CNo5="0" CNum5="0" CFrame5="1" CUse6="0" CSlot6="1" CType6="D" CNo6="0" CNum6="0" CFrame6="1" CUse7="0" CSlot7="1" CType7="D" CNo7="0" CNum7="0" CFrame7="1" CUse8="0" CSlot8="1" CType8="D" CNo8="0" CNum8="0" CFrame8="1" CUse9="0" CSlot9="1" CType9="D" CNo9="0" CNum9="0" CFrame9="1" CUse10="0" CSlot10="1" CType10="D" CNo10="0" CNum10="0" CFrame10="1" CUse11="0" CSlot11="1" CType11="D" CNo11="0" CNum11="0" CFrame11="1" CUse12="0" CSlot12="1" CType12="D" CNo12="0" CNum12="0" CFrame12="1" CUse13="0" CSlot13="1" CType13="D" CNo13="0" CNum13="0" CFrame13="1" CUse14="0" CSlot14="1" CType14="D" CNo14="0" CNum14="0" CFrame14="1" CUse15="0" CSlot15="1" CType15="D" CNo15="0" CNum15="0" CFrame15="1" CUse16="0" CSlot16="1" CType16="D" CNo16="0" CNum16="0" CFrame16="1"><PrimaryMessage Name="FPS" Comment="Formatted Process Program Send:S7F23" Stream="7" Function="23" Wait="1" SendTrigger="0" SendTrgSlot="1" SendTrgType="M" SendTrgNo="6230" HoldTime="1000" Cyclic="0" Interval="1000" ReplyMsg="0" T9Timer="60" RStream="0" RFunction="0" RTrns="" ReceiveTrigger="1" RecvTrgSlot="1" RecvTrgType="M" RecvTrgNo="6231" KeepTime="10" AutoReply="0" IntervalSetType="0" IntervalSlot="0" IntervalType="" IntervalNo="" IntervalCount="0" IntervalUnit="msec"><Item Name="L4" Comment="" DataType="LIST" Variable="0" DataSize="0" DataFlg="1" Data="" CPU="1" TYPE="D" IO_No="158" DestinationType="" SelLstFlg="0" SelectRegFlg="0" SelCPU="1" SelTYPE="D" SelIO_No="0" SelectKeyFlg="0" RepeatFlg="0" Repeat="" Offset="0" MmapFlg="0" MmapType="MMW" Unit="1" Addr="0" RepeatNumFlg="0"><Item Name="PPID" Comment="Process Program ID" DataType="ASCII" Variable="1" DataSize="20" DataFlg="0" Data="" CPU="1" TYPE="R" IO_No="2036" DestinationType="" SelLstFlg="0" SelectRegFlg="0" SelCPU="1" SelTYPE="D" SelIO_No="0" SelectKeyFlg="0" RepeatFlg="0" Repeat="" Offset="0" MmapFlg="0" MmapType="MMW" Unit="1" Addr="0" RepeatNumFlg="0"/><Item Name="MDLN" Comment="GCP-712CRB" DataType="ASCII" Variable="0" DataSize="13" DataFlg="0" Data="GCP-712CRB" CPU="1" TYPE="R" IO_No="138" DestinationType="" SelLstFlg="0" SelectRegFlg="0" SelCPU="1" SelTYPE="D" SelIO_No="0" SelectKeyFlg="0" RepeatFlg="0" Repeat="" Offset="0" MmapFlg="0" MmapType="MMW" Unit="1" Addr="0" RepeatNumFlg="0"/><Item Name="SOFTREV" Comment="Revision Code Of Software" DataType="ASCII" Variable="0" DataSize="5" DataFlg="0" Data="1.26C" CPU="1" TYPE="R" IO_No="145" DestinationType="" SelLstFlg="0" SelectRegFlg="0" SelCPU="1" SelTYPE="D" SelIO_No="0" SelectKeyFlg="0" RepeatFlg="0" Repeat="" Offset="0" MmapFlg="0" MmapType="MMW" Unit="1" Addr="0" RepeatNumFlg="0"/><Item Name="L1" Comment="" DataType="LIST" Variable="1" DataSize="0" DataFlg="1" Data="" CPU="1" TYPE="R" IO_No="148" DestinationType="" SelLstFlg="0" SelectRegFlg="0" SelCPU="1" SelTYPE="D" SelIO_No="0" SelectKeyFlg="0" RepeatFlg="0" Repeat="" Offset="0" MmapFlg="0" MmapType="MMW" Unit="1" Addr="0" RepeatNumFlg="0"><Item Name="L2" Comment="" DataType="LIST" Variable="0" DataSize="0" DataFlg="1" Data="" CPU="1" TYPE="D" IO_No="0" DestinationType="" SelLstFlg="0" SelectRegFlg="0" SelCPU="1" SelTYPE="D" SelIO_No="0" SelectKeyFlg="0" RepeatFlg="0" Repeat="" Offset="0" MmapFlg="0" MmapType="MMW" Unit="1" Addr="0" RepeatNumFlg="0"><Item Name="SVID" Comment="Command Code" DataType="U2" Variable="0" DataSize="1" DataFlg="0" Data="" CPU="1" TYPE="R" IO_No="151" DestinationType="" SelLstFlg="0" SelectRegFlg="0" SelCPU="1" SelTYPE="D" SelIO_No="0" SelectKeyFlg="0" RepeatFlg="0" Repeat="" Offset="0" MmapFlg="0" MmapType="MMW" Unit="1" Addr="0" RepeatNumFlg="0"/><Item Name="L16" Comment="" DataType="LIST" Variable="1" DataSize="0" DataFlg="1" Data="" CPU="1" TYPE="R" IO_No="150" DestinationType="" SelLstFlg="0" SelectRegFlg="0" SelCPU="1" SelTYPE="D" SelIO_No="0" SelectKeyFlg="0" RepeatFlg="0" Repeat="" Offset="0" MmapFlg="0" MmapType="MMW" Unit="1" Addr="0" RepeatNumFlg="0"><Item Name="PPARM1" Comment="PPNo" DataType="U2" Variable="0" DataSize="1" DataFlg="0" Data="" CPU="1" TYPE="R" IO_No="2035" DestinationType="" SelLstFlg="0" SelectRegFlg="0" SelCPU="1" SelTYPE="D" SelIO_No="0" SelectKeyFlg="0" RepeatFlg="0" Repeat="" Offset="0" MmapFlg="0" MmapType="MMW" Unit="1" Addr="0" RepeatNumFlg="0"/><Item Name="PPARM2" Comment="TC01_SV" DataType="F4" Variable="0" DataSize="1" DataFlg="0" Data="" CPU="1" TYPE="R" IO_No="2046" DestinationType="" SelLstFlg="0" SelectRegFlg="0" SelCPU="1" SelTYPE="D" SelIO_No="0" SelectKeyFlg="0" RepeatFlg="0" Repeat="" Offset="0" MmapFlg="0" MmapType="MMW" Unit="1" Addr="0" RepeatNumFlg="0"/><Item Name="PPARM3" Comment="TC02_SV" DataType="F4" Variable="0" DataSize="1" DataFlg="0" Data="" CPU="1" TYPE="R" IO_No="2048" DestinationType="" SelLstFlg="0" SelectRegFlg="0" SelCPU="1" SelTYPE="D" SelIO_No="0" SelectKeyFlg="0" RepeatFlg="0" Repeat="" Offset="0" MmapFlg="0" MmapType="MMW" Unit="1" Addr="0" RepeatNumFlg="0"/><Item Name="PPARM4" Comment="TC03_SV" DataType="F4" Variable="0" DataSize="1" DataFlg="0" Data="" CPU="1" TYPE="R" IO_No="2050" DestinationType="" SelLstFlg="0" SelectRegFlg="0" SelCPU="1" SelTYPE="D" SelIO_No="0" SelectKeyFlg="0" RepeatFlg="0" Repeat="" Offset="0" MmapFlg="0" MmapType="MMW" Unit="1" Addr="0" RepeatNumFlg="0"/><Item Name="PPARM5" Comment="TC04_SV" DataType="F4" Variable="0" DataSize="1" DataFlg="0" Data="" CPU="1" TYPE="R" IO_No="2052" DestinationType="" SelLstFlg="0" SelectRegFlg="0" SelCPU="1" SelTYPE="D" SelIO_No="0" SelectKeyFlg="0" RepeatFlg="0" Repeat="" Offset="0" MmapFlg="0" MmapType="MMW" Unit="1" Addr="0" RepeatNumFlg="0"/><Item Name="PPARM6" Comment="TC05_SV" DataType="F4" Variable="0" DataSize="1" DataFlg="0" Data="" CPU="1" TYPE="R" IO_No="2054" DestinationType="" SelLstFlg="0" SelectRegFlg="0" SelCPU="1" SelTYPE="D" SelIO_No="0" SelectKeyFlg="0" RepeatFlg="0" Repeat="" Offset="0" MmapFlg="0" MmapType="MMW" Unit="1" Addr="0" RepeatNumFlg="0"/><Item Name="PPARM7" Comment="TC06_SV" DataType="F4" Variable="0" DataSize="1" DataFlg="0" Data="" CPU="1" TYPE="R" IO_No="2056" DestinationType="" SelLstFlg="0" SelectRegFlg="0" SelCPU="1" SelTYPE="D" SelIO_No="0" SelectKeyFlg="0" RepeatFlg="0" Repeat="" Offset="0" MmapFlg="0" MmapType="MMW" Unit="1" Addr="0" RepeatNumFlg="0"/><Item Name="PPARM8" Comment="TC07_SV" DataType="F4" Variable="0" DataSize="1" DataFlg="0" Data="" CPU="1" TYPE="R" IO_No="2058" DestinationType="" SelLstFlg="0" SelectRegFlg="0" SelCPU="1" SelTYPE="D" SelIO_No="0" SelectKeyFlg="0" RepeatFlg="0" Repeat="" Offset="0" MmapFlg="0" MmapType="MMW" Unit="1" Addr="0" RepeatNumFlg="0"/><Item Name="PPARM9" Comment="TC08_SV" DataType="F4" Variable="0" DataSize="1" DataFlg="0" Data="" CPU="1" TYPE="R" IO_No="2060" DestinationType="" SelLstFlg="0" SelectRegFlg="0" SelCPU="1" SelTYPE="D" SelIO_No="0" SelectKeyFlg="0" RepeatFlg="0" Repeat="" Offset="0" MmapFlg="0" MmapType="MMW" Unit="1" Addr="0" RepeatNumFlg="0"/><Item Name="PPARM10" Comment="TC09_SV" DataType="F4" Variable="0" DataSize="1" DataFlg="0" Data="" CPU="1" TYPE="R" IO_No="2062" DestinationType="" SelLstFlg="0" SelectRegFlg="0" SelCPU="1" SelTYPE="D" SelIO_No="0" SelectKeyFlg="0" RepeatFlg="0" Repeat="" Offset="0" MmapFlg="0" MmapType="MMW" Unit="1" Addr="0" RepeatNumFlg="0"/><Item Name="PPARM11" Comment="TC10_SV" DataType="F4" Variable="0" DataSize="1" DataFlg="0" Data="" CPU="1" TYPE="R" IO_No="2064" DestinationType="" SelLstFlg="0" SelectRegFlg="0" SelCPU="1" SelTYPE="D" SelIO_No="0" SelectKeyFlg="0" RepeatFlg="0" Repeat="" Offset="0" MmapFlg="0" MmapType="MMW" Unit="1" Addr="0" RepeatNumFlg="0"/><Item Name="PPARM12" Comment="TC11_SV" DataType="F4" Variable="0" DataSize="1" DataFlg="0" Data="" CPU="1" TYPE="R" IO_No="2066" DestinationType="" SelLstFlg="0" SelectRegFlg="0" SelCPU="1" SelTYPE="D" SelIO_No="0" SelectKeyFlg="0" RepeatFlg="0" Repeat="" Offset="0" MmapFlg="0" MmapType="MMW" Unit="1" Addr="0" RepeatNumFlg="0"/><Item Name="PPARM13" Comment="TC12_SV" DataType="F4" Variable="0" DataSize="1" DataFlg="0" Data="" CPU="1" TYPE="R" IO_No="2068" DestinationType="" SelLstFlg="0" SelectRegFlg="0" SelCPU="1" SelTYPE="D" SelIO_No="0" SelectKeyFlg="0" RepeatFlg="0" Repeat="" Offset="0" MmapFlg="0" MmapType="MMW" Unit="1" Addr="0" RepeatNumFlg="0"/><Item Name="PPARM14" Comment="IRA01_SV" DataType="F4" Variable="0" DataSize="1" DataFlg="0" Data="" CPU="1" TYPE="R" IO_No="2068" DestinationType="" SelLstFlg="0" SelectRegFlg="0" SelCPU="1" SelTYPE="D" SelIO_No="0" SelectKeyFlg="0" RepeatFlg="0" Repeat="" Offset="0" MmapFlg="0" MmapType="MMW" Unit="1" Addr="0" RepeatNumFlg="0"/><Item Name="PPARM15" Comment="IRA01_SV" DataType="F4" Variable="0" DataSize="1" DataFlg="0" Data="" CPU="1" TYPE="R" IO_No="2068" DestinationType="" SelLstFlg="0" SelectRegFlg="0" SelCPU="1" SelTYPE="D" SelIO_No="0" SelectKeyFlg="0" RepeatFlg="0" Repeat="" Offset="0" MmapFlg="0" MmapType="MMW" Unit="1" Addr="0" RepeatNumFlg="0"/><Item Name="PPARM14" Comment="StepCount" DataType="F4" Variable="0" DataSize="1" DataFlg="0" Data="" CPU="1" TYPE="R" IO_No="2070" DestinationType="" SelLstFlg="0" SelectRegFlg="0" SelCPU="1" SelTYPE="D" SelIO_No="0" SelectKeyFlg="0" RepeatFlg="0" Repeat="" Offset="0" MmapFlg="0" MmapType="MMW" Unit="1" Addr="0" RepeatNumFlg="0"/><Item Name="PPARM15" Comment="StepTime" DataType="F4" Variable="0" DataSize="1" DataFlg="0" Data="" CPU="1" TYPE="R" IO_No="2072" DestinationType="" SelLstFlg="0" SelectRegFlg="0" SelCPU="1" SelTYPE="D" SelIO_No="0" SelectKeyFlg="0" RepeatFlg="0" Repeat="" Offset="0" MmapFlg="0" MmapType="MMW" Unit="1" Addr="0" RepeatNumFlg="0"/><Item Name="PPARM16" Comment="PanelWidth" DataType="F4" Variable="0" DataSize="1" DataFlg="0" Data="" CPU="1" TYPE="R" IO_No="2074" DestinationType="" SelLstFlg="0" SelectRegFlg="0" SelCPU="1" SelTYPE="D" SelIO_No="0" SelectKeyFlg="0" RepeatFlg="0" Repeat="" Offset="0" MmapFlg="0" MmapType="MMW" Unit="1" Addr="0" RepeatNumFlg="0"/></Item></Item></Item></Item></PrimaryMessage><SecondaryMessage Name="FPA" Comment="Formatted Process Program Acknowledge:S7F24" Stream="7" Function="24" SendTrigger="1" SendTrgSlot="1" SendTrgType="M" SendTrgNo="231" HoldTime="0" ReceiveTrigger="0" RecvTrgSlot="0" RecvTrgType="M" RecvTrgNo="0" KeepTime="10"><Item Name="ACKC7" Comment="Acknowledge Code" DataType="BIN" Variable="0" DataSize="1" DataFlg="0" MmapFlg="0" Data="" DestinationType="" MmapType="1" Unit="0" Addr="0" CPU="1" TYPE="R" IO_No="157" SelLstFlg="0" SelectRegFlg="0" SelCPU="0" SelTYPE="" SelIO_No="" SelectKeyFlg="0" RepeatFlg="0" Repeat="" RepeatNumFlg="0" Offset="0"/></SecondaryMessage></Transaction><Transaction Name="FPR" Comment="Formatted Process Program Request:S7F25" HandShakeDev="0" NotEditFlg="0" CUse1="1" CSlot1="1" CType1="R" CNo1="2151" CNum1="100" CFrame1="2" CUse2="0" CSlot2="1" CType2="D" CNo2="0" CNum2="0" CFrame2="1" CUse3="0" CSlot3="1" CType3="D" CNo3="0" CNum3="0" CFrame3="1" CUse4="0" CSlot4="1" CType4="D" CNo4="0" CNum4="0" CFrame4="1" CUse5="0" CSlot5="1" CType5="D" CNo5="0" CNum5="0" CFrame5="1" CUse6="0" CSlot6="1" CType6="D" CNo6="0" CNum6="0" CFrame6="1" CUse7="0" CSlot7="1" CType7="D" CNo7="0" CNum7="0" CFrame7="1" CUse8="0" CSlot8="1" CType8="D" CNo8="0" CNum8="0" CFrame8="1" CUse9="0" CSlot9="1" CType9="D" CNo9="0" CNum9="0" CFrame9="1" CUse10="0" CSlot10="1" CType10="D" CNo10="0" CNum10="0" CFrame10="1" CUse11="0" CSlot11="1" CType11="D" CNo11="0" CNum11="0" CFrame11="1" CUse12="0" CSlot12="1" CType12="D" CNo12="0" CNum12="0" CFrame12="1" CUse13="0" CSlot13="1" CType13="D" CNo13="0" CNum13="0" CFrame13="1" CUse14="0" CSlot14="1" CType14="D" CNo14="0" CNum14="0" CFrame14="1" CUse15="0" CSlot15="1" CType15="D" CNo15="0" CNum15="0" CFrame15="1" CUse16="0" CSlot16="1" CType16="D" CNo16="0" CNum16="0" CFrame16="1"><PrimaryMessage Name="FPR" Comment="Formatted Process Program Request:S7F25" Stream="7" Function="25" Wait="1" SendTrigger="0" SendTrgSlot="1" SendTrgType="M" SendTrgNo="6232" HoldTime="0" Cyclic="0" Interval="1000" ReplyMsg="0" T9Timer="60" RStream="0" RFunction="0" RTrns="" ReceiveTrigger="1" RecvTrgSlot="1" RecvTrgType="M" RecvTrgNo="6233" KeepTime="10" AutoReply="0" IntervalSetType="0" IntervalSlot="0" IntervalType="" IntervalNo="" IntervalCount="0" IntervalUnit=""><Item Name="PPID" Comment="Process Program ID" DataType="ASCII" Variable="1" DataSize="20" DataFlg="0" Data="" CPU="1" TYPE="R" IO_No="4136" DestinationType="" MmapFlg="0" MmapType="MMW" Unit="1" Addr="0" SelLstFlg="0" SelectRegFlg="0" SelCPU="0" SelTYPE="" SelIO_No="" SelectKeyFlg="0" RepeatFlg="0" Repeat="" RepeatNumFlg="0" Offset="0"/></PrimaryMessage><SecondaryMessage Name="FPD" Comment="Formatted Process Program Data:S7F26" Stream="7" Function="26" SendTrigger="0" SendTrgSlot="1" SendTrgType="M" SendTrgNo="0" HoldTime="0" ReceiveTrigger="0" RecvTrgSlot="0" RecvTrgType="M" RecvTrgNo="0" KeepTime="10"><Item Name="L4" Comment="" DataType="LIST" Variable="1" DataSize="0" DataFlg="1" Data="" CPU="1" TYPE="D" IO_No="158" DestinationType="" SelLstFlg="0" SelectRegFlg="0" SelCPU="1" SelTYPE="D" SelIO_No="0" SelectKeyFlg="0" RepeatFlg="0" Repeat="" Offset="0" MmapFlg="0" MmapType="MMW" Unit="1" Addr="0" RepeatNumFlg="0"><Item Name="PPID" Comment="Process Program ID" DataType="ASCII" Variable="1" DataSize="20" DataFlg="0" Data="" CPU="1" TYPE="R" IO_No="7000" DestinationType="" SelLstFlg="0" SelectRegFlg="0" SelCPU="1" SelTYPE="D" SelIO_No="0" SelectKeyFlg="0" RepeatFlg="0" Repeat="" Offset="0" MmapFlg="0" MmapType="MMW" Unit="1" Addr="0" RepeatNumFlg="0"/><Item Name="MDLN" Comment="Device Type" DataType="ASCII" Variable="1" DataSize="10" DataFlg="0" Data="" CPU="1" TYPE="R" IO_No="138" DestinationType="" SelLstFlg="0" SelectRegFlg="0" SelCPU="1" SelTYPE="D" SelIO_No="0" SelectKeyFlg="0" RepeatFlg="0" Repeat="" Offset="0" MmapFlg="0" MmapType="MMW" Unit="1" Addr="0" RepeatNumFlg="0"/><Item Name="SOFTREV" Comment="Revision Code Of Software" DataType="ASCII" Variable="1" DataSize="10" DataFlg="0" Data="" CPU="1" TYPE="R" IO_No="145" DestinationType="" SelLstFlg="0" SelectRegFlg="0" SelCPU="1" SelTYPE="D" SelIO_No="0" SelectKeyFlg="0" RepeatFlg="0" Repeat="" Offset="0" MmapFlg="0" MmapType="MMW" Unit="1" Addr="0" RepeatNumFlg="0"/><Item Name="L1" Comment="" DataType="LIST" Variable="1" DataSize="0" DataFlg="1" Data="" CPU="1" TYPE="R" IO_No="148" DestinationType="" SelLstFlg="0" SelectRegFlg="0" SelCPU="1" SelTYPE="D" SelIO_No="0" SelectKeyFlg="0" RepeatFlg="0" Repeat="" Offset="0" MmapFlg="0" MmapType="MMW" Unit="1" Addr="0" RepeatNumFlg="0"><Item Name="L2" Comment="" DataType="LIST" Variable="0" DataSize="0" DataFlg="1" Data="" CPU="1" TYPE="D" IO_No="0" DestinationType="" SelLstFlg="0" SelectRegFlg="0" SelCPU="1" SelTYPE="D" SelIO_No="0" SelectKeyFlg="0" RepeatFlg="0" Repeat="" Offset="0" MmapFlg="0" MmapType="MMW" Unit="1" Addr="0" RepeatNumFlg="0"><Item Name="SVID" Comment="Command Code" DataType="U2" Variable="0" DataSize="1" DataFlg="0" Data="" CPU="1" TYPE="R" IO_No="151" DestinationType="" SelLstFlg="0" SelectRegFlg="0" SelCPU="1" SelTYPE="D" SelIO_No="0" SelectKeyFlg="0" RepeatFlg="0" Repeat="" Offset="0" MmapFlg="0" MmapType="MMW" Unit="1" Addr="0" RepeatNumFlg="0"/><Item Name="L16" Comment="" DataType="LIST" Variable="1" DataSize="0" DataFlg="1" Data="" CPU="1" TYPE="R" IO_No="150" DestinationType="" SelLstFlg="0" SelectRegFlg="0" SelCPU="1" SelTYPE="D" SelIO_No="0" SelectKeyFlg="0" RepeatFlg="0" Repeat="" Offset="0" MmapFlg="0" MmapType="MMW" Unit="1" Addr="0" RepeatNumFlg="0"><Item Name="PPARM1" Comment="PPNo" DataType="U2" Variable="0" DataSize="1" DataFlg="0" Data="" CPU="1" TYPE="R" IO_No="4135" DestinationType="" SelLstFlg="0" SelectRegFlg="0" SelCPU="1" SelTYPE="D" SelIO_No="0" SelectKeyFlg="0" RepeatFlg="0" Repeat="" Offset="0" MmapFlg="0" MmapType="MMW" Unit="1" Addr="0" RepeatNumFlg="0"/><Item Name="PPARM2" Comment="PPID" DataType="ASCII" Variable="1" DataSize="20" DataFlg="0" Data="" CPU="1" TYPE="R" IO_No="7000" DestinationType="" SelLstFlg="0" SelectRegFlg="0" SelCPU="1" SelTYPE="D" SelIO_No="0" SelectKeyFlg="0" RepeatFlg="0" Repeat="" Offset="0" MmapFlg="0" MmapType="MMW" Unit="1" Addr="0" RepeatNumFlg="0"/><Item Name="PPARM3" Comment="Mode" DataType="U2" Variable="0" DataSize="1" DataFlg="0" Data="" CPU="1" TYPE="R" IO_No="4150" DestinationType="" SelLstFlg="0" SelectRegFlg="0" SelCPU="1" SelTYPE="D" SelIO_No="0" SelectKeyFlg="0" RepeatFlg="0" Repeat="" Offset="0" MmapFlg="0" MmapType="MMW" Unit="1" Addr="0" RepeatNumFlg="0"/><Item Name="PPARM4" Comment="step" DataType="U2" Variable="0" DataSize="1" DataFlg="0" Data="" CPU="1" TYPE="R" IO_No="4152" DestinationType="" SelLstFlg="0" SelectRegFlg="0" SelCPU="1" SelTYPE="D" SelIO_No="0" SelectKeyFlg="0" RepeatFlg="0" Repeat="" Offset="0" MmapFlg="0" MmapType="MMW" Unit="1" Addr="0" RepeatNumFlg="0"/><Item Name="PPARM5" Comment="down time" DataType="F4" Variable="0" DataSize="1" DataFlg="0" Data="" CPU="1" TYPE="R" IO_No="4154" DestinationType="" SelLstFlg="0" SelectRegFlg="0" SelCPU="1" SelTYPE="D" SelIO_No="0" SelectKeyFlg="0" RepeatFlg="0" Repeat="" Offset="0" MmapFlg="0" MmapType="MMW" Unit="1" Addr="0" RepeatNumFlg="0"/><Item Name="PPARM6" Comment="down temperature" DataType="U2" Variable="0" DataSize="1" DataFlg="0" Data="" CPU="1" TYPE="R" IO_No="4156" DestinationType="" SelLstFlg="0" SelectRegFlg="0" SelCPU="1" SelTYPE="D" SelIO_No="0" SelectKeyFlg="0" RepeatFlg="0" Repeat="" Offset="0" MmapFlg="0" MmapType="MMW" Unit="1" Addr="0" RepeatNumFlg="0"/><Item Name="PPARM7" Comment="1st temp" DataType="U2" Variable="0" DataSize="1" DataFlg="0" Data="" CPU="1" TYPE="R" IO_No="4158" DestinationType="" SelLstFlg="0" SelectRegFlg="0" SelCPU="1" SelTYPE="D" SelIO_No="0" SelectKeyFlg="0" RepeatFlg="0" Repeat="" Offset="0" MmapFlg="0" MmapType="MMW" Unit="1" Addr="0" RepeatNumFlg="0"/><Item Name="PPARM8" Comment="1st up time" DataType="F4" Variable="0" DataSize="1" DataFlg="0" Data="" CPU="1" TYPE="R" IO_No="4160" DestinationType="" SelLstFlg="0" SelectRegFlg="0" SelCPU="1" SelTYPE="D" SelIO_No="0" SelectKeyFlg="0" RepeatFlg="0" Repeat="" Offset="0" MmapFlg="0" MmapType="MMW" Unit="1" Addr="0" RepeatNumFlg="0"/><Item Name="PPARM9" Comment="1st up alarm time" DataType="F4" Variable="0" DataSize="1" DataFlg="0" Data="" CPU="1" TYPE="R" IO_No="4162" DestinationType="" SelLstFlg="0" SelectRegFlg="0" SelCPU="1" SelTYPE="D" SelIO_No="0" SelectKeyFlg="0" RepeatFlg="0" Repeat="" Offset="0" MmapFlg="0" MmapType="MMW" Unit="1" Addr="0" RepeatNumFlg="0"/><Item Name="PPARM10" Comment="1st keep time" DataType="F4" Variable="0" DataSize="1" DataFlg="0" Data="" CPU="1" TYPE="R" IO_No="4164" DestinationType="" SelLstFlg="0" SelectRegFlg="0" SelCPU="1" SelTYPE="D" SelIO_No="0" SelectKeyFlg="0" RepeatFlg="0" Repeat="" Offset="0" MmapFlg="0" MmapType="MMW" Unit="1" Addr="0" RepeatNumFlg="0"/><Item Name="PPARM11" Comment="1st keep alarm time" DataType="F4" Variable="0" DataSize="1" DataFlg="0" Data="" CPU="1" TYPE="R" IO_No="4166" DestinationType="" SelLstFlg="0" SelectRegFlg="0" SelCPU="1" SelTYPE="D" SelIO_No="0" SelectKeyFlg="0" RepeatFlg="0" Repeat="" Offset="0" MmapFlg="0" MmapType="MMW" Unit="1" Addr="0" RepeatNumFlg="0"/><Item Name="PPARM12" Comment="2nd temp" DataType="U2" Variable="0" DataSize="1" DataFlg="0" Data="" CPU="1" TYPE="R" IO_No="4168" DestinationType="" SelLstFlg="0" SelectRegFlg="0" SelCPU="1" SelTYPE="D" SelIO_No="0" SelectKeyFlg="0" RepeatFlg="0" Repeat="" Offset="0" MmapFlg="0" MmapType="MMW" Unit="1" Addr="0" RepeatNumFlg="0"/><Item Name="PPARM13" Comment="2nd up time" DataType="F4" Variable="0" DataSize="1" DataFlg="0" Data="" CPU="1" TYPE="R" IO_No="4170" DestinationType="" SelLstFlg="0" SelectRegFlg="0" SelCPU="1" SelTYPE="D" SelIO_No="0" SelectKeyFlg="0" RepeatFlg="0" Repeat="" Offset="0" MmapFlg="0" MmapType="MMW" Unit="1" Addr="0" RepeatNumFlg="0"/><Item Name="PPARM14" Comment="2nd up alarm time" DataType="F4" Variable="0" DataSize="1" DataFlg="0" Data="" CPU="1" TYPE="R" IO_No="4172" DestinationType="" SelLstFlg="0" SelectRegFlg="0" SelCPU="1" SelTYPE="D" SelIO_No="0" SelectKeyFlg="0" RepeatFlg="0" Repeat="" Offset="0" MmapFlg="0" MmapType="MMW" Unit="1" Addr="0" RepeatNumFlg="0"/><Item Name="PPARM15" Comment="2nd keep time" DataType="F4" Variable="0" DataSize="1" DataFlg="0" Data="" CPU="1" TYPE="R" IO_No="4174" DestinationType="" SelLstFlg="0" SelectRegFlg="0" SelCPU="1" SelTYPE="D" SelIO_No="0" SelectKeyFlg="0" RepeatFlg="0" Repeat="" Offset="0" MmapFlg="0" MmapType="MMW" Unit="1" Addr="0" RepeatNumFlg="0"/><Item Name="PPARM16" Comment="2nd keep alarm time" DataType="F4" Variable="0" DataSize="1" DataFlg="0" Data="" CPU="1" TYPE="R" IO_No="4176" DestinationType="" SelLstFlg="0" SelectRegFlg="0" SelCPU="1" SelTYPE="D" SelIO_No="0" SelectKeyFlg="0" RepeatFlg="0" Repeat="" Offset="0" MmapFlg="0" MmapType="MMW" Unit="1" Addr="0" RepeatNumFlg="0"/><Item Name="PPARM17" Comment="3rd temp" DataType="U2" Variable="0" DataSize="1" DataFlg="0" Data="" CPU="1" TYPE="R" IO_No="4178" DestinationType="" SelLstFlg="0" SelectRegFlg="0" SelCPU="1" SelTYPE="D" SelIO_No="0" SelectKeyFlg="0" RepeatFlg="0" Repeat="" Offset="0" MmapFlg="0" MmapType="MMW" Unit="1" Addr="0" RepeatNumFlg="0"/><Item Name="PPARM18" Comment="3rd up time" DataType="F4" Variable="0" DataSize="1" DataFlg="0" Data="" CPU="1" TYPE="R" IO_No="4180" DestinationType="" SelLstFlg="0" SelectRegFlg="0" SelCPU="1" SelTYPE="D" SelIO_No="0" SelectKeyFlg="0" RepeatFlg="0" Repeat="" Offset="0" MmapFlg="0" MmapType="MMW" Unit="1" Addr="0" RepeatNumFlg="0"/><Item Name="PPARM19" Comment="3rd up alarm time" DataType="F4" Variable="0" DataSize="1" DataFlg="0" Data="" CPU="1" TYPE="R" IO_No="4182" DestinationType="" SelLstFlg="0" SelectRegFlg="0" SelCPU="1" SelTYPE="D" SelIO_No="0" SelectKeyFlg="0" RepeatFlg="0" Repeat="" Offset="0" MmapFlg="0" MmapType="MMW" Unit="1" Addr="0" RepeatNumFlg="0"/><Item Name="PPARM20" Comment="3rd keep time" DataType="F4" Variable="0" DataSize="1" DataFlg="0" Data="" CPU="1" TYPE="R" IO_No="4184" DestinationType="" SelLstFlg="0" SelectRegFlg="0" SelCPU="1" SelTYPE="D" SelIO_No="0" SelectKeyFlg="0" RepeatFlg="0" Repeat="" Offset="0" MmapFlg="0" MmapType="MMW" Unit="1" Addr="0" RepeatNumFlg="0"/><Item Name="PPARM21" Comment="3rd keep alarm time" DataType="F4" Variable="0" DataSize="1" DataFlg="0" Data="" CPU="1" TYPE="R" IO_No="4186" DestinationType="" SelLstFlg="0" SelectRegFlg="0" SelCPU="1" SelTYPE="D" SelIO_No="0" SelectKeyFlg="0" RepeatFlg="0" Repeat="" Offset="0" MmapFlg="0" MmapType="MMW" Unit="1" Addr="0" RepeatNumFlg="0"/><Item Name="PPARM22" Comment="4th temp" DataType="U2" Variable="0" DataSize="1" DataFlg="0" Data="" CPU="1" TYPE="R" IO_No="4188" DestinationType="" SelLstFlg="0" SelectRegFlg="0" SelCPU="1" SelTYPE="D" SelIO_No="0" SelectKeyFlg="0" RepeatFlg="0" Repeat="" Offset="0" MmapFlg="0" MmapType="MMW" Unit="1" Addr="0" RepeatNumFlg="0"/><Item Name="PPARM23" Comment="4th up time" DataType="F4" Variable="0" DataSize="1" DataFlg="0" Data="" CPU="1" TYPE="R" IO_No="4190" DestinationType="" SelLstFlg="0" SelectRegFlg="0" SelCPU="1" SelTYPE="D" SelIO_No="0" SelectKeyFlg="0" RepeatFlg="0" Repeat="" Offset="0" MmapFlg="0" MmapType="MMW" Unit="1" Addr="0" RepeatNumFlg="0"/><Item Name="PPARM24" Comment="4th up alarm time" DataType="F4" Variable="0" DataSize="1" DataFlg="0" Data="" CPU="1" TYPE="R" IO_No="4192" DestinationType="" SelLstFlg="0" SelectRegFlg="0" SelCPU="1" SelTYPE="D" SelIO_No="0" SelectKeyFlg="0" RepeatFlg="0" Repeat="" Offset="0" MmapFlg="0" MmapType="MMW" Unit="1" Addr="0" RepeatNumFlg="0"/><Item Name="PPARM25" Comment="4th keep time" DataType="F4" Variable="0" DataSize="1" DataFlg="0" Data="" CPU="1" TYPE="R" IO_No="4194" DestinationType="" SelLstFlg="0" SelectRegFlg="0" SelCPU="1" SelTYPE="D" SelIO_No="0" SelectKeyFlg="0" RepeatFlg="0" Repeat="" Offset="0" MmapFlg="0" MmapType="MMW" Unit="1" Addr="0" RepeatNumFlg="0"/><Item Name="PPARM26" Comment="4th keep alarm time" DataType="F4" Variable="0" DataSize="1" DataFlg="0" Data="" CPU="1" TYPE="R" IO_No="4196" DestinationType="" SelLstFlg="0" SelectRegFlg="0" SelCPU="1" SelTYPE="D" SelIO_No="0" SelectKeyFlg="0" RepeatFlg="0" Repeat="" Offset="0" MmapFlg="0" MmapType="MMW" Unit="1" Addr="0" RepeatNumFlg="0"/><Item Name="PPARM27" Comment="5th temp" DataType="U2" Variable="0" DataSize="1" DataFlg="0" Data="" CPU="1" TYPE="R" IO_No="4198" DestinationType="" SelLstFlg="0" SelectRegFlg="0" SelCPU="1" SelTYPE="D" SelIO_No="0" SelectKeyFlg="0" RepeatFlg="0" Repeat="" Offset="0" MmapFlg="0" MmapType="MMW" Unit="1" Addr="0" RepeatNumFlg="0"/><Item Name="PPARM28" Comment="5th up time" DataType="F4" Variable="0" DataSize="1" DataFlg="0" Data="" CPU="1" TYPE="R" IO_No="4200" DestinationType="" SelLstFlg="0" SelectRegFlg="0" SelCPU="1" SelTYPE="D" SelIO_No="0" SelectKeyFlg="0" RepeatFlg="0" Repeat="" Offset="0" MmapFlg="0" MmapType="MMW" Unit="1" Addr="0" RepeatNumFlg="0"/><Item Name="PPARM29" Comment="5th up alarm time" DataType="F4" Variable="0" DataSize="1" DataFlg="0" Data="" CPU="1" TYPE="R" IO_No="4202" DestinationType="" SelLstFlg="0" SelectRegFlg="0" SelCPU="1" SelTYPE="D" SelIO_No="0" SelectKeyFlg="0" RepeatFlg="0" Repeat="" Offset="0" MmapFlg="0" MmapType="MMW" Unit="1" Addr="0" RepeatNumFlg="0"/><Item Name="PPARM30" Comment="5th keep time" DataType="F4" Variable="0" DataSize="1" DataFlg="0" Data="" CPU="1" TYPE="R" IO_No="4204" DestinationType="" SelLstFlg="0" SelectRegFlg="0" SelCPU="1" SelTYPE="D" SelIO_No="0" SelectKeyFlg="0" RepeatFlg="0" Repeat="" Offset="0" MmapFlg="0" MmapType="MMW" Unit="1" Addr="0" RepeatNumFlg="0"/><Item Name="PPARM31" Comment="5th keep alarm time" DataType="F4" Variable="0" DataSize="1" DataFlg="0" Data="" CPU="1" TYPE="R" IO_No="4206" DestinationType="" SelLstFlg="0" SelectRegFlg="0" SelCPU="1" SelTYPE="D" SelIO_No="0" SelectKeyFlg="0" RepeatFlg="0" Repeat="" Offset="0" MmapFlg="0" MmapType="MMW" Unit="1" Addr="0" RepeatNumFlg="0"/><Item Name="PPARM32" Comment="6th temp" DataType="U2" Variable="0" DataSize="1" DataFlg="0" Data="" CPU="1" TYPE="R" IO_No="4208" DestinationType="" SelLstFlg="0" SelectRegFlg="0" SelCPU="1" SelTYPE="D" SelIO_No="0" SelectKeyFlg="0" RepeatFlg="0" Repeat="" Offset="0" MmapFlg="0" MmapType="MMW" Unit="1" Addr="0" RepeatNumFlg="0"/><Item Name="PPARM33" Comment="6th up time" DataType="F4" Variable="0" DataSize="1" DataFlg="0" Data="" CPU="1" TYPE="R" IO_No="4210" DestinationType="" SelLstFlg="0" SelectRegFlg="0" SelCPU="1" SelTYPE="D" SelIO_No="0" SelectKeyFlg="0" RepeatFlg="0" Repeat="" Offset="0" MmapFlg="0" MmapType="MMW" Unit="1" Addr="0" RepeatNumFlg="0"/><Item Name="PPARM34" Comment="6th up alarm time" DataType="F4" Variable="0" DataSize="1" DataFlg="0" Data="" CPU="1" TYPE="R" IO_No="4212" DestinationType="" SelLstFlg="0" SelectRegFlg="0" SelCPU="1" SelTYPE="D" SelIO_No="0" SelectKeyFlg="0" RepeatFlg="0" Repeat="" Offset="0" MmapFlg="0" MmapType="MMW" Unit="1" Addr="0" RepeatNumFlg="0"/><Item Name="PPARM35" Comment="6th keep time" DataType="F4" Variable="0" DataSize="1" DataFlg="0" Data="" CPU="1" TYPE="R" IO_No="4214" DestinationType="" SelLstFlg="0" SelectRegFlg="0" SelCPU="1" SelTYPE="D" SelIO_No="0" SelectKeyFlg="0" RepeatFlg="0" Repeat="" Offset="0" MmapFlg="0" MmapType="MMW" Unit="1" Addr="0" RepeatNumFlg="0"/><Item Name="PPARM36" Comment="6th keep alarm time" DataType="F4" Variable="0" DataSize="1" DataFlg="0" Data="" CPU="1" TYPE="R" IO_No="4216" DestinationType="" SelLstFlg="0" SelectRegFlg="0" SelCPU="1" SelTYPE="D" SelIO_No="0" SelectKeyFlg="0" RepeatFlg="0" Repeat="" Offset="0" MmapFlg="0" MmapType="MMW" Unit="1" Addr="0" RepeatNumFlg="0"/><Item Name="PPARM37" Comment="N2 Alarm Time" DataType="U2" Variable="0" DataSize="1" DataFlg="0" Data="" CPU="1" TYPE="R" IO_No="4218" DestinationType="" SelLstFlg="0" SelectRegFlg="0" SelCPU="1" SelTYPE="D" SelIO_No="0" SelectKeyFlg="0" RepeatFlg="0" Repeat="" Offset="0" MmapFlg="0" MmapType="MMW" Unit="1" Addr="0" RepeatNumFlg="0"/><Item Name="PPARM38" Comment="Process End Alarm Time" DataType="F4" Variable="0" DataSize="1" DataFlg="0" Data="" CPU="1" TYPE="R" IO_No="4220" DestinationType="" SelLstFlg="0" SelectRegFlg="0" SelCPU="1" SelTYPE="D" SelIO_No="0" SelectKeyFlg="0" RepeatFlg="0" Repeat="" Offset="0" MmapFlg="0" MmapType="MMW" Unit="1" Addr="0" RepeatNumFlg="0"/></Item></Item></Item></Item></SecondaryMessage></Transaction><Transaction Name="VTN" Comment="Terminal Display,Single:S10F3" HandShakeDev="0" CUse1="0" CSlot1="1" CType1="D" CNo1="0" CNum1="0" CFrame1="1" CUse2="0" CSlot2="1" CType2="D" CNo2="0" CNum2="0" CFrame2="1" CUse3="0" CSlot3="1" CType3="D" CNo3="0" CNum3="0" CFrame3="1" CUse4="0" CSlot4="1" CType4="D" CNo4="0" CNum4="0" CFrame4="1" CUse5="0" CSlot5="1" CType5="D" CNo5="0" CNum5="0" CFrame5="1" CUse6="0" CSlot6="1" CType6="D" CNo6="0" CNum6="0" CFrame6="1" CUse7="0" CSlot7="1" CType7="D" CNo7="0" CNum7="0" CFrame7="1" CUse8="0" CSlot8="1" CType8="D" CNo8="0" CNum8="0" CFrame8="1" CUse9="0" CSlot9="1" CType9="D" CNo9="0" CNum9="0" CFrame9="1" CUse10="0" CSlot10="1" CType10="D" CNo10="0" CNum10="0" CFrame10="1" CUse11="0" CSlot11="1" CType11="D" CNo11="0" CNum11="0" CFrame11="1" CUse12="0" CSlot12="1" CType12="D" CNo12="0" CNum12="0" CFrame12="1" CUse13="0" CSlot13="1" CType13="D" CNo13="0" CNum13="0" CFrame13="1" CUse14="0" CSlot14="1" CType14="D" CNo14="0" CNum14="0" CFrame14="1" CUse15="0" CSlot15="1" CType15="D" CNo15="0" CNum15="0" CFrame15="1" CUse16="0" CSlot16="1" CType16="D" CNo16="0" CNum16="0" CFrame16="1" NotEditFlg="0"><PrimaryMessage Name="VTN" Comment="Terminal Display,Single:S10F3" Stream="10" Function="3" Wait="1" SendTrigger="0" SendTrgSlot="1" SendTrgType="M" SendTrgNo="238" HoldTime="0" Cyclic="0" Interval="1000" ReplyMsg="0" T9Timer="60" RStream="0" RFunction="0" RTrns="" ReceiveTrigger="1" RecvTrgSlot="1" RecvTrgType="M" RecvTrgNo="6238" KeepTime="10" AutoReply="0" IntervalSetType="0" IntervalSlot="0" IntervalType="" IntervalNo="" IntervalCount="0" IntervalUnit=""><Item Name="L2" Comment="" DataType="LIST" Variable="0" DataSize="0" DataFlg="1" Data="" CPU="1" TYPE="D" IO_No="0" DestinationType="" MmapFlg="0" MmapType="MMW" Unit="1" Addr="0" SelLstFlg="0" SelectRegFlg="0" SelCPU="0" SelTYPE="" SelIO_No="" SelectKeyFlg="0" RepeatFlg="0" Repeat="" RepeatNumFlg="0" Offset="0"><Item Name="TID" Comment="Terminal Id" DataType="BIN" Variable="0" DataSize="1" DataFlg="0" Data="" CPU="1" TYPE="R" IO_No="12000" DestinationType="" MmapFlg="0" MmapType="MMW" Unit="1" Addr="0" SelLstFlg="0" SelectRegFlg="0" SelCPU="0" SelTYPE="" SelIO_No="" SelectKeyFlg="0" RepeatFlg="0" Repeat="" RepeatNumFlg="0" Offset="0"/><Item Name="TEXT" Comment="Text" DataType="ASCII" Variable="1" DataSize="40" DataFlg="0" Data="" CPU="1" TYPE="R" IO_No="12001" DestinationType="" MmapFlg="0" MmapType="MMW" Unit="1" Addr="0" SelLstFlg="0" SelectRegFlg="0" SelCPU="0" SelTYPE="" SelIO_No="" SelectKeyFlg="0" RepeatFlg="0" Repeat="" RepeatNumFlg="0" Offset="0"/></Item></PrimaryMessage><SecondaryMessage Name="VTA" Comment="Terminal Display,Single Acknowledge:S10F4" Stream="10" Function="4" SendTrigger="1" SendTrgSlot="1" SendTrgType="M" SendTrgNo="239" HoldTime="0" ReceiveTrigger="0" RecvTrgSlot="0" RecvTrgType="M" RecvTrgNo="0" KeepTime="10"><Item Name="ACKC10" Comment="Acknowledge Code" DataType="BIN" Variable="0" DataSize="1" DataFlg="0" Data="" CPU="1" TYPE="D" IO_No="10018" DestinationType="" MmapFlg="0" MmapType="MMW" Unit="1" Addr="0" SelLstFlg="0" SelectRegFlg="0" SelCPU="0" SelTYPE="" SelIO_No="" SelectKeyFlg="0" RepeatFlg="0" Repeat="" RepeatNumFlg="0" Offset="0"/></SecondaryMessage></Transaction></TransactionList><ScenarioList/></Cim_op>
